"Name","Platform","Compiles","CompilesDouble","Uses","UsesDouble","PermutationString"
"/ControlRig/Controls/ControlRigGizmoMaterial.ControlRigGizmoMaterial","0","0","0","4","0","Compiling ControlRigGizmoMaterial: Platform=PCD3D_SM5, Usage=LightingModel=MSM_Unlit, BlendMode=BLEND_Opaque, SpecialEngine=0, TwoSided=0, TSNormal=1, Masked=0, Distorted=0, WritesEveryPixel=1, ModifiesMeshPosition=0, Usage={}"
"/Engine/EngineMaterials/GizmoMaterial.GizmoMaterial","0","0","0","8","0","Compiling GizmoMaterial: Platform=PCD3D_SM5, Usage=LightingModel=MSM_Unlit, BlendMode=BLEND_Opaque, SpecialEngine=0, TwoSided=1, TSNormal=1, Masked=0, Distorted=0, WritesEveryPixel=1, ModifiesMeshPosition=0, Usage={}"
"/Engine/EngineDebugMaterials/DebugMeshMaterial.DebugMeshMaterial","0","0","0","7","0","Compiling DebugMeshMaterial: Platform=PCD3D_SM5, Usage=LightingModel=MSM_Unlit, BlendMode=BLEND_Translucent, SpecialEngine=0, TwoSided=1, TSNormal=1, Masked=0, Distorted=0, WritesEveryPixel=1, ModifiesMeshPosition=0, Usage={}"
"/Engine/EngineMaterials/RemoveSurfaceMaterial.RemoveSurfaceMaterial","0","0","0","4","0","Compiling RemoveSurfaceMaterial: Platform=PCD3D_SM5, Usage=LightingModel=MSM_Unlit, BlendMode=BLEND_Opaque, SpecialEngine=0, TwoSided=0, TSNormal=1, Masked=0, Distorted=0, WritesEveryPixel=1, ModifiesMeshPosition=0, Usage={bUsedWithStaticLighting}"
"/Engine/EngineMaterials/NaniteHiddenSectionMaterial.NaniteHiddenSectionMaterial","0","0","0","29","0","Compiling NaniteHiddenSectionMaterial: Platform=PCD3D_SM5, Usage=LightingModel=MSM_DefaultLit, BlendMode=BLEND_Opaque, SpecialEngine=0, TwoSided=1, TSNormal=1, Masked=0, Distorted=0, WritesEveryPixel=1, ModifiesMeshPosition=1, Usage={}"
"/Engine/EditorMaterials/Dataflow/DataflowVertexMaterial.DataflowVertexMaterial","0","0","0","26","0","Compiling DataflowVertexMaterial: Platform=PCD3D_SM5, Usage=LightingModel=MSM_DefaultLit, BlendMode=BLEND_Opaque, SpecialEngine=0, TwoSided=0, TSNormal=1, Masked=0, Distorted=0, WritesEveryPixel=1, ModifiesMeshPosition=0, Usage={bUsedWithSkeletalMesh}"
"/Engine/BasicShapes/BasicShapeMaterial.BasicShapeMaterial","0","0","0","67","0","Compiling BasicShapeMaterial: Platform=PCD3D_SM5, Usage=LightingModel=MSM_DefaultLit, BlendMode=BLEND_Opaque, SpecialEngine=0, TwoSided=0, TSNormal=1, Masked=0, Distorted=0, WritesEveryPixel=1, ModifiesMeshPosition=0, Usage={bUsedWithStaticLighting,bUsedWithInstancedStaticMeshes,bUsedWithGeometryCollections,bUsedWithNanite}"
"/ControlRig/Controls/ControlRigXRayMaterial.ControlRigXRayMaterial","0","0","0","11","0","Compiling ControlRigXRayMaterial: Platform=PCD3D_SM5, Usage=LightingModel=MSM_Unlit, BlendMode=BLEND_Translucent, SpecialEngine=0, TwoSided=0, TSNormal=1, Masked=0, Distorted=0, WritesEveryPixel=1, ModifiesMeshPosition=1, Usage={bUsedWithStaticLighting}"
"/Engine/EngineDebugMaterials/DebugEditorMaterial.DebugEditorMaterial","0","0","0","8","0","Compiling DebugEditorMaterial: Platform=PCD3D_SM5, Usage=LightingModel=MSM_Unlit, BlendMode=BLEND_Opaque, SpecialEngine=0, TwoSided=1, TSNormal=1, Masked=0, Distorted=0, WritesEveryPixel=1, ModifiesMeshPosition=0, Usage={}"
"/Engine/EditorMaterials/PhAT_NoCollisionMaterial.PhAT_NoCollisionMaterial","0","0","0","5","0","Compiling PhAT_NoCollisionMaterial: Platform=PCD3D_SM5, Usage=LightingModel=MSM_Unlit, BlendMode=BLEND_Translucent, SpecialEngine=0, TwoSided=0, TSNormal=1, Masked=0, Distorted=0, WritesEveryPixel=1, ModifiesMeshPosition=0, Usage={}"
"/Engine/EditorMaterials/PhAT_UnselectedMaterial.PhAT_UnselectedMaterial","0","0","0","5","0","Compiling PhAT_UnselectedMaterial: Platform=PCD3D_SM5, Usage=LightingModel=MSM_Unlit, BlendMode=BLEND_Translucent, SpecialEngine=0, TwoSided=0, TSNormal=1, Masked=0, Distorted=0, WritesEveryPixel=1, ModifiesMeshPosition=0, Usage={}"
"/MeshModelingToolset/Materials/M_DynamicMeshComponentVtxColor.M_DynamicMeshComponentVtxColor","0","0","0","20","0","Compiling M_DynamicMeshComponentVtxColor: Platform=PCD3D_SM5, Usage=LightingModel=MSM_DefaultLit, BlendMode=BLEND_Opaque, SpecialEngine=0, TwoSided=1, TSNormal=1, Masked=0, Distorted=0, WritesEveryPixel=1, ModifiesMeshPosition=0, Usage={}"
"/Engine/EngineDebugMaterials/M_SimpleUnlitTranslucent.M_SimpleUnlitTranslucent","0","0","0","5","0","Compiling M_SimpleUnlitTranslucent: Platform=PCD3D_SM5, Usage=LightingModel=MSM_Unlit, BlendMode=BLEND_Translucent, SpecialEngine=0, TwoSided=0, TSNormal=1, Masked=0, Distorted=0, WritesEveryPixel=1, ModifiesMeshPosition=0, Usage={}"
"/Engine/EditorMaterials/Camera/CineMat.CineMat","0","0","0","26","0","Compiling CineMat: Platform=PCD3D_SM5, Usage=LightingModel=MSM_DefaultLit, BlendMode=BLEND_Opaque, SpecialEngine=0, TwoSided=0, TSNormal=1, Masked=0, Distorted=0, WritesEveryPixel=1, ModifiesMeshPosition=0, Usage={bUsedWithSplineMeshes}"
"/Engine/VREditor/TransformGizmo/Xray.Xray","0","0","0","14","0","Compiling Xray: Platform=PCD3D_SM5, Usage=LightingModel=MSM_DefaultLit, BlendMode=BLEND_Opaque, SpecialEngine=0, TwoSided=0, TSNormal=1, Masked=0, Distorted=0, WritesEveryPixel=1, ModifiesMeshPosition=0, Usage={}"
"/Engine/VREditor/TransformGizmo/Main.Main","0","0","0","5","0","Compiling Main: Platform=PCD3D_SM5, Usage=LightingModel=MSM_Unlit, BlendMode=BLEND_Translucent, SpecialEngine=0, TwoSided=0, TSNormal=1, Masked=0, Distorted=0, WritesEveryPixel=1, ModifiesMeshPosition=0, Usage={}"
"/Engine/VREditor/TransformGizmo/TranslucentTransformGizmoMaterial.TranslucentTransformGizmoMaterial","0","0","0","5","0","Compiling TranslucentTransformGizmoMaterial: Platform=PCD3D_SM5, Usage=LightingModel=MSM_Unlit, BlendMode=BLEND_Translucent, SpecialEngine=0, TwoSided=0, TSNormal=1, Masked=0, Distorted=0, WritesEveryPixel=1, ModifiesMeshPosition=0, Usage={}"
"/Engine/EditorLandscapeResources/SplineEditorMeshMat.SplineEditorMeshMat","0","0","0","14","0","Compiling SplineEditorMeshMat: Platform=PCD3D_SM5, Usage=LightingModel=MSM_Unlit, BlendMode=BLEND_Opaque, SpecialEngine=0, TwoSided=1, TSNormal=1, Masked=0, Distorted=0, WritesEveryPixel=1, ModifiesMeshPosition=0, Usage={bUsedWithSplineMeshes,bUsedWithNanite}"
"/Engine/EngineMaterials/DefaultLightFunctionMaterial.DefaultLightFunctionMaterial","0","0","0","45","0","Compiling DefaultLightFunctionMaterial: Platform=PCD3D_SM5, Usage=LightingModel=MSM_Unlit, BlendMode=BLEND_Opaque, SpecialEngine=0, TwoSided=0, TSNormal=1, Masked=0, Distorted=0, WritesEveryPixel=1, ModifiesMeshPosition=0, Usage={}"
"/Game/Showcase/Materials/Instance/MM_Wall_Trim_01a.MM_Wall_Trim_01a","0","0","0","23","0","Compiling MM_Wall_Trim_01a: Platform=PCD3D_SM5, Usage=LightingModel=MSM_DefaultLit, BlendMode=BLEND_Opaque, SpecialEngine=0, TwoSided=0, TSNormal=1, Masked=0, Distorted=0, WritesEveryPixel=1, ModifiesMeshPosition=0, Usage={bUsedWithStaticLighting}"
"/Engine/EngineMaterials/EmissiveMeshMaterial.EmissiveMeshMaterial","0","0","0","7","0","Compiling EmissiveMeshMaterial: Platform=PCD3D_SM5, Usage=LightingModel=MSM_Unlit, BlendMode=BLEND_Additive, SpecialEngine=0, TwoSided=1, TSNormal=1, Masked=0, Distorted=0, WritesEveryPixel=1, ModifiesMeshPosition=0, Usage={}"
"/Engine/EngineMaterials/PhAT_JointLimitMaterial.PhAT_JointLimitMaterial","0","0","0","11","0","Compiling PhAT_JointLimitMaterial: Platform=PCD3D_SM5, Usage=LightingModel=MSM_Unlit, BlendMode=BLEND_Translucent, SpecialEngine=0, TwoSided=1, TSNormal=1, Masked=0, Distorted=0, WritesEveryPixel=1, ModifiesMeshPosition=1, Usage={}"
"/Engine/TemplateResources/M_Template_Master.M_Template_Master","0","0","0","35","0","Compiling M_Template_Master: Platform=PCD3D_SM5, Usage=LightingModel=MSM_DefaultLit, BlendMode=BLEND_Opaque, SpecialEngine=0, TwoSided=0, TSNormal=1, Masked=0, Distorted=0, WritesEveryPixel=1, ModifiesMeshPosition=0, Usage={bUsedWithSkeletalMesh,bUsedWithStaticLighting}"
"/Engine/EngineMaterials/FlattenMaterial_WS_Normal_VT.FlattenMaterial_WS_Normal_VT","0","0","0","35","0","Compiling FlattenMaterial_WS_Normal_VT: Platform=PCD3D_SM5, Usage=LightingModel=MSM_DefaultLit, BlendMode=BLEND_Opaque, SpecialEngine=0, TwoSided=0, TSNormal=0, Masked=0, Distorted=0, WritesEveryPixel=1, ModifiesMeshPosition=0, Usage={bUsedWithSkeletalMesh,bUsedWithStaticLighting,bUsedWithMorphTargets,bUsedWithNanite}, StaticSwitch'PackMetallic2-1'=False, StaticSwitch'PackRoughness2-1'=False, StaticSwitch'PackSpecular2-1'=False, StaticSwitch'UseAmbientOcclusion2-1'=False, StaticSwitch'UseBaseColor2-1'=False, StaticSwitch'UseCustomUV2-1'=False, StaticSwitch'UseEmissiveColor2-1'=False, StaticSwitch'UseEmissiveHDR2-1'=False, StaticSwitch'UseMetallic2-1'=False, StaticSwitch'UseOpacity2-1'=False, StaticSwitch'UseOpacityMask2-1'=False, StaticSwitch'UseRoughness2-1'=False, StaticSwitch'UseSpecular2-1'=False, StaticSwitch'UseUV12-1'=False, StaticSwitch'UseUV22-1'=False, StaticSwitch'UseUV32-1'=False, StaticSwitch'UseUV42-1'=False, StaticSwitch'UseUV52-1'=False, StaticSwitch'UseUV62-1'=False"
"/Engine/EngineMaterials/FlattenMaterial_VT.FlattenMaterial_VT","0","0","0","35","0","Compiling FlattenMaterial_VT: Platform=PCD3D_SM5, Usage=LightingModel=MSM_DefaultLit, BlendMode=BLEND_Opaque, SpecialEngine=0, TwoSided=0, TSNormal=1, Masked=0, Distorted=0, WritesEveryPixel=1, ModifiesMeshPosition=0, Usage={bUsedWithSkeletalMesh,bUsedWithStaticLighting,bUsedWithMorphTargets,bUsedWithNanite}, StaticSwitch'PackMetallic2-1'=False, StaticSwitch'PackRoughness2-1'=False, StaticSwitch'PackSpecular2-1'=False, StaticSwitch'UseAmbientOcclusion2-1'=False, StaticSwitch'UseBaseColor2-1'=False, StaticSwitch'UseCustomUV2-1'=False, StaticSwitch'UseEmissiveColor2-1'=False, StaticSwitch'UseEmissiveHDR2-1'=False, StaticSwitch'UseMetallic2-1'=False, StaticSwitch'UseOpacity2-1'=False, StaticSwitch'UseOpacityMask2-1'=False, StaticSwitch'UseRoughness2-1'=False, StaticSwitch'UseSpecular2-1'=False, StaticSwitch'UseUV12-1'=False, StaticSwitch'UseUV22-1'=False, StaticSwitch'UseUV32-1'=False, StaticSwitch'UseUV42-1'=False, StaticSwitch'UseUV52-1'=False, StaticSwitch'UseUV62-1'=False"
"/Engine/EngineMaterials/FlattenMaterial.FlattenMaterial","0","0","0","35","0","Compiling FlattenMaterial: Platform=PCD3D_SM5, Usage=LightingModel=MSM_DefaultLit, BlendMode=BLEND_Opaque, SpecialEngine=0, TwoSided=0, TSNormal=1, Masked=0, Distorted=0, WritesEveryPixel=1, ModifiesMeshPosition=0, Usage={bUsedWithSkeletalMesh,bUsedWithStaticLighting,bUsedWithMorphTargets,bUsedWithNanite}, StaticSwitch'PackMetallic2-1'=False, StaticSwitch'PackRoughness2-1'=False, StaticSwitch'PackSpecular2-1'=False, StaticSwitch'UseAmbientOcclusion2-1'=False, StaticSwitch'UseBaseColor2-1'=False, StaticSwitch'UseCustomUV2-1'=False, StaticSwitch'UseEmissiveColor2-1'=False, StaticSwitch'UseEmissiveHDR2-1'=False, StaticSwitch'UseMetallic2-1'=False, StaticSwitch'UseOpacity2-1'=False, StaticSwitch'UseOpacityMask2-1'=False, StaticSwitch'UseRoughness2-1'=False, StaticSwitch'UseSpecular2-1'=False, StaticSwitch'UseUV12-1'=False, StaticSwitch'UseUV22-1'=False, StaticSwitch'UseUV32-1'=False, StaticSwitch'UseUV42-1'=False, StaticSwitch'UseUV52-1'=False, StaticSwitch'UseUV62-1'=False"
"/Engine/EngineMaterials/M_InvalidLightmapSettings.M_InvalidLightmapSettings","0","0","0","28","0","Compiling M_InvalidLightmapSettings: Platform=PCD3D_SM5, Usage=LightingModel=MSM_DefaultLit, BlendMode=BLEND_Opaque, SpecialEngine=0, TwoSided=0, TSNormal=1, Masked=0, Distorted=0, WritesEveryPixel=1, ModifiesMeshPosition=0, Usage={bUsedWithInstancedStaticMeshes}"
"/ControlRig/M_Manip.M_Manip","0","0","0","11","0","Compiling M_Manip: Platform=PCD3D_SM5, Usage=LightingModel=MSM_Unlit, BlendMode=BLEND_Translucent, SpecialEngine=0, TwoSided=0, TSNormal=1, Masked=0, Distorted=0, WritesEveryPixel=1, ModifiesMeshPosition=1, Usage={}"
"/Paper2D/DefaultSpriteMaterial.DefaultSpriteMaterial","0","0","0","36","0","Compiling DefaultSpriteMaterial: Platform=PCD3D_SM5, Usage=LightingModel=MSM_Unlit, BlendMode=BLEND_Masked, SpecialEngine=0, TwoSided=1, TSNormal=1, Masked=1, Distorted=0, WritesEveryPixel=0, ModifiesMeshPosition=0, Usage={bUsedWithNiagaraSprites}"
"/Paper2D/DefaultSpriteMaterial.DefaultSpriteMaterial","0","0","0","14","0","Compiling DefaultSpriteMaterial: Platform=PCD3D_SM5, Usage=LightingModel=MSM_Unlit, BlendMode=BLEND_Opaque, SpecialEngine=0, TwoSided=1, TSNormal=1, Masked=0, Distorted=0, WritesEveryPixel=1, ModifiesMeshPosition=0, Usage={bUsedWithNiagaraSprites}"
"/Engine/EngineDebugMaterials/M_VolumeRenderSphereTracePP.M_VolumeRenderSphereTracePP","0","0","0","5","0","Compiling M_VolumeRenderSphereTracePP: Platform=PCD3D_SM5, Usage=LightingModel=MSM_Unlit, BlendMode=BLEND_Opaque, SpecialEngine=0, TwoSided=0, TSNormal=1, Masked=0, Distorted=0, WritesEveryPixel=1, ModifiesMeshPosition=0, Usage={}"
"/Engine/VREditor/TransformGizmo/TransformGizmoMaterial.TransformGizmoMaterial","0","0","0","4","0","Compiling TransformGizmoMaterial: Platform=PCD3D_SM5, Usage=LightingModel=MSM_Unlit, BlendMode=BLEND_Opaque, SpecialEngine=0, TwoSided=0, TSNormal=1, Masked=0, Distorted=0, WritesEveryPixel=1, ModifiesMeshPosition=0, Usage={}"
"/Engine/EngineMaterials/Widget3DPassThrough.Widget3DPassThrough","0","0","0","5","5","Compiling Widget3DPassThrough: Platform=PCD3D_SM5, Usage=LightingModel=MSM_Unlit, BlendMode=BLEND_Translucent, SpecialEngine=0, TwoSided=0, TSNormal=1, Masked=0, Distorted=0, WritesEveryPixel=1, ModifiesMeshPosition=0, Usage={}"
"/Engine/EngineMaterials/Widget3DPassThrough.Widget3DPassThrough","0","0","0","19","0","Compiling Widget3DPassThrough: Platform=PCD3D_SM5, Usage=LightingModel=MSM_Unlit, BlendMode=BLEND_Masked, SpecialEngine=0, TwoSided=1, TSNormal=1, Masked=1, Distorted=0, WritesEveryPixel=0, ModifiesMeshPosition=0, Usage={}"
"/Engine/EngineMaterials/Widget3DPassThrough.Widget3DPassThrough","0","0","0","8","0","Compiling Widget3DPassThrough: Platform=PCD3D_SM5, Usage=LightingModel=MSM_Unlit, BlendMode=BLEND_Opaque, SpecialEngine=0, TwoSided=1, TSNormal=1, Masked=0, Distorted=0, WritesEveryPixel=1, ModifiesMeshPosition=0, Usage={}"
"/Engine/EngineMaterials/Widget3DPassThrough.Widget3DPassThrough","0","0","0","7","0","Compiling Widget3DPassThrough: Platform=PCD3D_SM5, Usage=LightingModel=MSM_Unlit, BlendMode=BLEND_Translucent, SpecialEngine=0, TwoSided=1, TSNormal=1, Masked=0, Distorted=0, WritesEveryPixel=1, ModifiesMeshPosition=0, Usage={}"
"/Engine/EngineMaterials/Widget3DPassThrough.Widget3DPassThrough","0","0","0","19","0","Compiling Widget3DPassThrough: Platform=PCD3D_SM5, Usage=LightingModel=MSM_Unlit, BlendMode=BLEND_Masked, SpecialEngine=0, TwoSided=0, TSNormal=1, Masked=1, Distorted=0, WritesEveryPixel=0, ModifiesMeshPosition=0, Usage={}"
"/Engine/EngineMaterials/Widget3DPassThrough.Widget3DPassThrough","0","0","0","4","0","Compiling Widget3DPassThrough: Platform=PCD3D_SM5, Usage=LightingModel=MSM_Unlit, BlendMode=BLEND_Opaque, SpecialEngine=0, TwoSided=0, TSNormal=1, Masked=0, Distorted=0, WritesEveryPixel=1, ModifiesMeshPosition=0, Usage={}"
"/Engine/EngineMaterials/DefaultPostProcessMaterial.DefaultPostProcessMaterial","0","0","0","7","0","Compiling DefaultPostProcessMaterial: Platform=PCD3D_SM5, Usage=LightingModel=MSM_Unlit, BlendMode=BLEND_Opaque, SpecialEngine=0, TwoSided=0, TSNormal=1, Masked=0, Distorted=0, WritesEveryPixel=1, ModifiesMeshPosition=0, Usage={bUsedWithSkeletalMesh,bUsedWithStaticLighting}"
"/Engine/EngineMaterials/DefaultDeferredDecalMaterial.DefaultDeferredDecalMaterial","0","0","0","87","0","Compiling DefaultDeferredDecalMaterial: Platform=PCD3D_SM5, Usage=LightingModel=MSM_DefaultLit, BlendMode=BLEND_Translucent, SpecialEngine=0, TwoSided=0, TSNormal=1, Masked=0, Distorted=0, WritesEveryPixel=1, ModifiesMeshPosition=0, Usage={bUsedWithSkeletalMesh,bUsedWithStaticLighting,bUsedWithSplineMeshes}"
"/Engine/EngineMaterials/DefaultMaterial.DefaultMaterial","0","0","0","127","0","Compiling DefaultMaterial: Platform=PCD3D_SM5, Usage=LightingModel=MSM_DefaultLit, BlendMode=BLEND_Opaque, SpecialEngine=0, TwoSided=0, TSNormal=1, Masked=0, Distorted=0, WritesEveryPixel=1, ModifiesMeshPosition=0, Usage={bUsedWithSkeletalMesh,bUsedWithMeshParticles,bUsedWithStaticLighting,bUsedWithSplineMeshes,bUsedWithInstancedStaticMeshes,bUsedWithNiagaraSprites,bUsedWithNiagaraRibbons,bUsedWithNiagaraMeshParticles}"
"/Engine/EngineMaterials/WorldGridMaterial.WorldGridMaterial","0","0","0","685","0","Compiling WorldGridMaterial: Platform=PCD3D_SM5, Usage=LightingModel=MSM_DefaultLit, BlendMode=BLEND_Opaque, SpecialEngine=1, TwoSided=0, TSNormal=1, Masked=0, Distorted=0, WritesEveryPixel=1, ModifiesMeshPosition=0, Usage={}"
"/Engine/EngineMaterials/DefaultTextMaterialOpaque.DefaultTextMaterialOpaque","0","0","0","31","0","Compiling DefaultTextMaterialOpaque: Platform=PCD3D_SM5, Usage=LightingModel=MSM_DefaultLit, BlendMode=BLEND_Masked, SpecialEngine=0, TwoSided=1, TSNormal=1, Masked=1, Distorted=0, WritesEveryPixel=0, ModifiesMeshPosition=0, Usage={}"
"/Game/Showcase/Materials/Masters/MM_Emissive.MM_Emissive","0","0","0","23","0","Compiling MM_Emissive: Platform=PCD3D_SM5, Usage=LightingModel=MSM_DefaultLit, BlendMode=BLEND_Opaque, SpecialEngine=0, TwoSided=0, TSNormal=1, Masked=0, Distorted=0, WritesEveryPixel=1, ModifiesMeshPosition=0, Usage={bUsedWithStaticLighting}, StaticSwitch'Use Fresnel Normal Emissive?2-1'=False, StaticSwitch'Use Normal?2-1'=False"
"/Game/Showcase/Materials/Masters/MM_Emissive.MM_Emissive","0","0","0","23","0","Compiling MM_Emissive: Platform=PCD3D_SM5, Usage=LightingModel=MSM_DefaultLit, BlendMode=BLEND_Opaque, SpecialEngine=0, TwoSided=0, TSNormal=1, Masked=0, Distorted=0, WritesEveryPixel=1, ModifiesMeshPosition=0, Usage={bUsedWithStaticLighting}, StaticSwitch'Use Fresnel Normal Emissive?2-1'=True, StaticSwitch'Use Normal?2-1'=True"
"/Game/Showcase/Materials/Masters/M_Surface_Basic.M_Surface_Basic","0","0","0","23","115","Compiling M_Surface_Basic: Platform=PCD3D_SM5, Usage=LightingModel=MSM_DefaultLit, BlendMode=BLEND_Opaque, SpecialEngine=0, TwoSided=0, TSNormal=1, Masked=0, Distorted=0, WritesEveryPixel=1, ModifiesMeshPosition=0, Usage={bUsedWithStaticLighting}, StaticSwitch'Invert Albedo as Roughness?2-1'=False, StaticSwitch'Metalness?2-1'=False, StaticSwitch'Use Albedo as Roughness?2-1'=False, StaticSwitch'Use Emissive?2-1'=False"
"/Game/Showcase/Materials/Masters/M_Surface_Basic.M_Surface_Basic","0","0","0","23","690","Compiling M_Surface_Basic: Platform=PCD3D_SM5, Usage=LightingModel=MSM_DefaultLit, BlendMode=BLEND_Opaque, SpecialEngine=0, TwoSided=0, TSNormal=1, Masked=0, Distorted=0, WritesEveryPixel=1, ModifiesMeshPosition=0, Usage={bUsedWithStaticLighting}, StaticSwitch'Invert Albedo as Roughness?2-1'=False, StaticSwitch'Metalness?2-1'=True, StaticSwitch'Use Albedo as Roughness?2-1'=False, StaticSwitch'Use Emissive?2-1'=False"
"/Game/Showcase/Materials/Masters/M_Surface_Basic.M_Surface_Basic","0","0","0","23","0","Compiling M_Surface_Basic: Platform=PCD3D_SM5, Usage=LightingModel=MSM_DefaultLit, BlendMode=BLEND_Opaque, SpecialEngine=0, TwoSided=0, TSNormal=1, Masked=0, Distorted=0, WritesEveryPixel=1, ModifiesMeshPosition=0, Usage={bUsedWithStaticLighting}, StaticSwitch'Invert Albedo as Roughness?2-1'=False, StaticSwitch'Metalness?2-1'=True, StaticSwitch'Use Albedo as Roughness?2-1'=False, StaticSwitch'Use Emissive?2-1'=True"
"/Game/Showcase/Materials/Masters/M_Surface_Basic.M_Surface_Basic","0","0","0","23","0","Compiling M_Surface_Basic: Platform=PCD3D_SM5, Usage=LightingModel=MSM_DefaultLit, BlendMode=BLEND_Opaque, SpecialEngine=0, TwoSided=0, TSNormal=1, Masked=0, Distorted=0, WritesEveryPixel=1, ModifiesMeshPosition=0, Usage={bUsedWithStaticLighting}, StaticSwitch'Invert Albedo as Roughness?2-1'=False, StaticSwitch'Metalness?2-1'=False, StaticSwitch'Use Albedo as Roughness?2-1'=True, StaticSwitch'Use Emissive?2-1'=False"
"/Game/Showcase/Materials/Masters/MM_Panels_01a.MM_Panels_01a","0","0","0","23","0","Compiling MM_Panels_01a: Platform=PCD3D_SM5, Usage=LightingModel=MSM_DefaultLit, BlendMode=BLEND_Opaque, SpecialEngine=0, TwoSided=0, TSNormal=1, Masked=0, Distorted=0, WritesEveryPixel=1, ModifiesMeshPosition=0, Usage={bUsedWithStaticLighting}"
"/Game/Showcase/Materials/Masters/MM_Rubber_01a.MM_Rubber_01a","0","0","0","46","0","Compiling MM_Rubber_01a: Platform=PCD3D_SM5, Usage=LightingModel=MSM_DefaultLit, BlendMode=BLEND_Opaque, SpecialEngine=0, TwoSided=0, TSNormal=0, Masked=0, Distorted=0, WritesEveryPixel=1, ModifiesMeshPosition=0, Usage={bUsedWithStaticLighting,bUsedWithInstancedStaticMeshes}, StaticSwitch'Is Metallic2-1'=False, StaticSwitch'Use Tint2-1'=False"
"/Game/Showcase/Materials/Masters/MM_Rubber_01a.MM_Rubber_01a","0","0","0","46","0","Compiling MM_Rubber_01a: Platform=PCD3D_SM5, Usage=LightingModel=MSM_DefaultLit, BlendMode=BLEND_Opaque, SpecialEngine=0, TwoSided=0, TSNormal=0, Masked=0, Distorted=0, WritesEveryPixel=1, ModifiesMeshPosition=0, Usage={bUsedWithStaticLighting,bUsedWithInstancedStaticMeshes}, StaticSwitch'Is Metallic2-1'=False, StaticSwitch'Use Tint2-1'=True"
"/Engine/EngineMaterials/PPM_DefaultCalibrationGrayscale.PPM_DefaultCalibrationGrayscale","0","0","0","5","0","Compiling PPM_DefaultCalibrationGrayscale: Platform=PCD3D_SM5, Usage=LightingModel=MSM_Unlit, BlendMode=BLEND_Opaque, SpecialEngine=0, TwoSided=0, TSNormal=1, Masked=0, Distorted=0, WritesEveryPixel=1, ModifiesMeshPosition=0, Usage={}"
"/Engine/EngineMaterials/PPM_DefaultCalibrationColor.PPM_DefaultCalibrationColor","0","0","0","5","0","Compiling PPM_DefaultCalibrationColor: Platform=PCD3D_SM5, Usage=LightingModel=MSM_Unlit, BlendMode=BLEND_Opaque, SpecialEngine=0, TwoSided=0, TSNormal=1, Masked=0, Distorted=0, WritesEveryPixel=1, ModifiesMeshPosition=0, Usage={}"
"/Engine/EditorMaterials/PreviewShadowIndicatorMaterial.PreviewShadowIndicatorMaterial","0","0","0","45","0","Compiling PreviewShadowIndicatorMaterial: Platform=PCD3D_SM5, Usage=LightingModel=MSM_Unlit, BlendMode=BLEND_Opaque, SpecialEngine=0, TwoSided=0, TSNormal=1, Masked=0, Distorted=0, WritesEveryPixel=1, ModifiesMeshPosition=0, Usage={}"
"/Engine/EngineSky/M_Sky_Panning_Clouds2.M_Sky_Panning_Clouds2","0","0","0","4","0","Compiling M_Sky_Panning_Clouds2: Platform=PCD3D_SM5, Usage=LightingModel=MSM_Unlit, BlendMode=BLEND_Opaque, SpecialEngine=0, TwoSided=0, TSNormal=1, Masked=0, Distorted=0, WritesEveryPixel=1, ModifiesMeshPosition=0, Usage={bUsedWithStaticLighting}"
"/Game/Showcase/Materials/Masters/MM_MaterialLayer_01a.MM_MaterialLayer_01a","0","0","0","23","0","Compiling MM_MaterialLayer_01a: Platform=PCD3D_SM5, Usage=LightingModel=MSM_DefaultLit, BlendMode=BLEND_Opaque, SpecialEngine=0, TwoSided=0, TSNormal=1, Masked=0, Distorted=0, WritesEveryPixel=1, ModifiesMeshPosition=0, Usage={bUsedWithStaticLighting}, StaticSwitch'Use Custom Normal?2-1'=FalseLayers:00000000000000000000000000000000, Blends:, LayerStates:1"
"/Game/Showcase/Materials/Masters/MM_MaterialLayer_01a.MM_MaterialLayer_01a","0","39","0","40","40","Compiling MM_MaterialLayer_01a: Platform=PCD3D_SM5, Usage=LightingModel=MSM_DefaultLit, BlendMode=BLEND_Opaque, SpecialEngine=0, TwoSided=1, TSNormal=1, Masked=0, Distorted=0, WritesEveryPixel=1, ModifiesMeshPosition=1, Usage={bUsedWithStaticLighting}, StaticSwitch'Emissive?00'=False, StaticSwitch'InvertGradient00'=False, StaticSwitch'Use AO?00'=False, StaticSwitch'Use Fuzzy Shading?00'=False, StaticSwitch'Use Iridescence?00'=False, StaticSwitch'Use Metalness?00'=True, StaticSwitch'Use Custom Normal?2-1'=TrueLayers:B0E2EE9942F09DC41C809794D9645AD9, Blends:, LayerStates:1"
"/Game/Showcase/Materials/Masters/MM_MaterialLayer_01a.MM_MaterialLayer_01a","0","39","0","0","0","Compiling MM_MaterialLayer_01a: Platform=PCD3D_SM5, Usage=LightingModel=MSM_DefaultLit, BlendMode=BLEND_Opaque, SpecialEngine=0, TwoSided=1, TSNormal=1, Masked=0, Distorted=0, WritesEveryPixel=1, ModifiesMeshPosition=1, Usage={bUsedWithStaticLighting}, StaticSwitch'Emissive?00'=False, StaticSwitch'InvertGradient00'=False, StaticSwitch'Use AO?00'=False, StaticSwitch'Use Fuzzy Shading?00'=False, StaticSwitch'Use Iridescence?00'=False, StaticSwitch'Use Metalness?00'=True, StaticSwitch'Emissive?01'=False, StaticSwitch'InvertGradient01'=False, StaticSwitch'Use AO?01'=False, StaticSwitch'Use Fuzzy Shading?01'=False, StaticSwitch'Use Iridescence?01'=False, StaticSwitch'Use Metalness?01'=True, StaticSwitch'Emissive?02'=False, StaticSwitch'InvertGradient02'=False, StaticSwitch'Use AO?02'=False, StaticSwitch'Use Fuzzy Shading?02'=False, StaticSwitch'Use Iridescence?02'=False, StaticSwitch'Use Metalness?02'=True, StaticSwitch'Emissive?03'=False, StaticSwitch'InvertGradient03'=False, StaticSwitch'Use AO?03'=False, StaticSwitch'Use Fuzzy Shading?03'=False, StaticSwitch'Use Iridescence?03'=False, StaticSwitch'Use Metalness?03'=False, StaticSwitch'Emissive?04'=False, StaticSwitch'InvertGradient04'=False, StaticSwitch'Use AO?04'=False, StaticSwitch'Use Fuzzy Shading?04'=False, StaticSwitch'Use Iridescence?04'=False, StaticSwitch'Use Metalness?04'=False, StaticSwitch'Use Custom Normal?2-1'=TrueLayers:97BF9DC74A879D2768BE6C97E5456700, 97BF9DC74A879D2768BE6C97E5456700, B0E2EE9942F09DC41C809794D9645AD9, E3A334624BA5AB669D2B2DB4A1D44F40, E3A334624BA5AB669D2B2DB4A1D44F40, Blends:DD100E6D4546FE2B81F9AC92923191E3, DD100E6D4546FE2B81F9AC92923191E3, DD100E6D4546FE2B81F9AC92923191E3, DD100E6D4546FE2B81F9AC92923191E3, LayerStates:1, 1, 1, 1, 1"
"/Game/Showcase/Materials/Masters/MM_MaterialLayer_01a.MM_MaterialLayer_01a","0","39","0","0","0","Compiling MM_MaterialLayer_01a: Platform=PCD3D_SM5, Usage=LightingModel=MSM_DefaultLit, BlendMode=BLEND_Opaque, SpecialEngine=0, TwoSided=1, TSNormal=1, Masked=0, Distorted=0, WritesEveryPixel=1, ModifiesMeshPosition=1, Usage={bUsedWithStaticLighting}, StaticSwitch'Emissive?00'=False, StaticSwitch'InvertGradient00'=False, StaticSwitch'Use AO?00'=False, StaticSwitch'Use Fuzzy Shading?00'=False, StaticSwitch'Use Iridescence?00'=False, StaticSwitch'Use Metalness?00'=True, StaticSwitch'Emissive?01'=False, StaticSwitch'InvertGradient01'=False, StaticSwitch'Use AO?01'=False, StaticSwitch'Use Fuzzy Shading?01'=False, StaticSwitch'Use Iridescence?01'=False, StaticSwitch'Use Metalness?01'=True, StaticSwitch'Emissive?02'=False, StaticSwitch'InvertGradient02'=False, StaticSwitch'Use AO?02'=False, StaticSwitch'Use Fuzzy Shading?02'=False, StaticSwitch'Use Iridescence?02'=False, StaticSwitch'Use Metalness?02'=True, StaticSwitch'Use Custom Normal?2-1'=TrueLayers:97BF9DC74A879D2768BE6C97E5456700, E3A334624BA5AB669D2B2DB4A1D44F40, B0E2EE9942F09DC41C809794D9645AD9, Blends:DD100E6D4546FE2B81F9AC92923191E3, DD100E6D4546FE2B81F9AC92923191E3, LayerStates:1, 1, 1"
"/Game/Showcase/Materials/Masters/MM_MaterialLayer_01a.MM_MaterialLayer_01a","0","39","0","0","0","Compiling MM_MaterialLayer_01a: Platform=PCD3D_SM5, Usage=LightingModel=MSM_DefaultLit, BlendMode=BLEND_Opaque, SpecialEngine=0, TwoSided=1, TSNormal=1, Masked=0, Distorted=0, WritesEveryPixel=1, ModifiesMeshPosition=1, Usage={bUsedWithStaticLighting}, StaticSwitch'Emissive?00'=False, StaticSwitch'InvertGradient00'=False, StaticSwitch'Use AO?00'=False, StaticSwitch'Use Fuzzy Shading?00'=False, StaticSwitch'Use Iridescence?00'=False, StaticSwitch'Use Metalness?00'=True, StaticSwitch'Emissive?01'=False, StaticSwitch'InvertGradient01'=False, StaticSwitch'Use AO?01'=False, StaticSwitch'Use Fuzzy Shading?01'=False, StaticSwitch'Use Iridescence?01'=False, StaticSwitch'Use Metalness?01'=True, StaticSwitch'Emissive?02'=False, StaticSwitch'InvertGradient02'=False, StaticSwitch'Use AO?02'=False, StaticSwitch'Use Fuzzy Shading?02'=False, StaticSwitch'Use Iridescence?02'=False, StaticSwitch'Use Metalness?02'=True, StaticSwitch'Emissive?03'=False, StaticSwitch'InvertGradient03'=False, StaticSwitch'Use AO?03'=False, StaticSwitch'Use Fuzzy Shading?03'=True, StaticSwitch'Use Iridescence?03'=False, StaticSwitch'Use Metalness?03'=True, StaticSwitch'Emissive?04'=False, StaticSwitch'InvertGradient04'=False, StaticSwitch'Use AO?04'=False, StaticSwitch'Use Fuzzy Shading?04'=False, StaticSwitch'Use Iridescence?04'=False, StaticSwitch'Use Metalness?04'=False, StaticSwitch'Use Custom Normal?2-1'=TrueLayers:B0E2EE9942F09DC41C809794D9645AD9, F7E0E0044272EE626AE99AA93CEC578D, B0E2EE9942F09DC41C809794D9645AD9, E3A334624BA5AB669D2B2DB4A1D44F40, F7E0E0044272EE626AE99AA93CEC578D, Blends:DD100E6D4546FE2B81F9AC92923191E3, DD100E6D4546FE2B81F9AC92923191E3, DD100E6D4546FE2B81F9AC92923191E3, DD100E6D4546FE2B81F9AC92923191E3, LayerStates:1, 1, 1, 1, 1"
"/Game/Showcase/Materials/Masters/MM_MaterialLayer_01a.MM_MaterialLayer_01a","0","39","0","0","0","Compiling MM_MaterialLayer_01a: Platform=PCD3D_SM5, Usage=LightingModel=MSM_DefaultLit, BlendMode=BLEND_Opaque, SpecialEngine=0, TwoSided=1, TSNormal=1, Masked=0, Distorted=0, WritesEveryPixel=1, ModifiesMeshPosition=1, Usage={bUsedWithStaticLighting}, StaticSwitch'Emissive?00'=False, StaticSwitch'InvertGradient00'=False, StaticSwitch'Use AO?00'=False, StaticSwitch'Use Fuzzy Shading?00'=False, StaticSwitch'Use Iridescence?00'=False, StaticSwitch'Use Metalness?00'=True, StaticSwitch'Emissive?01'=False, StaticSwitch'InvertGradient01'=False, StaticSwitch'Use AO?01'=False, StaticSwitch'Use Fuzzy Shading?01'=False, StaticSwitch'Use Iridescence?01'=False, StaticSwitch'Use Metalness?01'=True, StaticSwitch'Emissive?02'=False, StaticSwitch'InvertGradient02'=False, StaticSwitch'Use AO?02'=False, StaticSwitch'Use Fuzzy Shading?02'=False, StaticSwitch'Use Iridescence?02'=False, StaticSwitch'Use Metalness?02'=True, StaticSwitch'Emissive?03'=False, StaticSwitch'InvertGradient03'=False, StaticSwitch'Use AO?03'=False, StaticSwitch'Use Fuzzy Shading?03'=False, StaticSwitch'Use Iridescence?03'=True, StaticSwitch'Use Metalness?03'=False, StaticSwitch'Emissive?04'=False, StaticSwitch'InvertGradient04'=False, StaticSwitch'Use AO?04'=False, StaticSwitch'Use Fuzzy Shading?04'=False, StaticSwitch'Use Iridescence?04'=False, StaticSwitch'Use Metalness?04'=True, StaticSwitch'Use Custom Normal?2-1'=TrueLayers:97BF9DC74A879D2768BE6C97E5456700, B0E2EE9942F09DC41C809794D9645AD9, E3A334624BA5AB669D2B2DB4A1D44F40, E3A334624BA5AB669D2B2DB4A1D44F40, F7E0E0044272EE626AE99AA93CEC578D, Blends:DD100E6D4546FE2B81F9AC92923191E3, DD100E6D4546FE2B81F9AC92923191E3, DD100E6D4546FE2B81F9AC92923191E3, DD100E6D4546FE2B81F9AC92923191E3, LayerStates:1, 1, 1, 1, 1"
"/Game/Showcase/Materials/Masters/MM_MaterialLayer_01a.MM_MaterialLayer_01a","0","39","0","0","0","Compiling MM_MaterialLayer_01a: Platform=PCD3D_SM5, Usage=LightingModel=MSM_DefaultLit, BlendMode=BLEND_Opaque, SpecialEngine=0, TwoSided=0, TSNormal=1, Masked=0, Distorted=0, WritesEveryPixel=1, ModifiesMeshPosition=1, Usage={bUsedWithStaticLighting}, StaticSwitch'Emissive?00'=False, StaticSwitch'InvertGradient00'=False, StaticSwitch'Use AO?00'=False, StaticSwitch'Use Fuzzy Shading?00'=False, StaticSwitch'Use Iridescence?00'=False, StaticSwitch'Use Metalness?00'=True, StaticSwitch'Emissive?01'=False, StaticSwitch'InvertGradient01'=False, StaticSwitch'Use AO?01'=False, StaticSwitch'Use Fuzzy Shading?01'=False, StaticSwitch'Use Iridescence?01'=False, StaticSwitch'Use Metalness?01'=True, StaticSwitch'Emissive?02'=False, StaticSwitch'InvertGradient02'=False, StaticSwitch'Use AO?02'=False, StaticSwitch'Use Fuzzy Shading?02'=False, StaticSwitch'Use Iridescence?02'=False, StaticSwitch'Use Metalness?02'=True, StaticSwitch'Emissive?03'=False, StaticSwitch'InvertGradient03'=False, StaticSwitch'Use AO?03'=False, StaticSwitch'Use Fuzzy Shading?03'=False, StaticSwitch'Use Iridescence?03'=False, StaticSwitch'Use Metalness?03'=True, StaticSwitch'Use Custom Normal?2-1'=TrueLayers:97BF9DC74A879D2768BE6C97E5456700, F7E0E0044272EE626AE99AA93CEC578D, E3A334624BA5AB669D2B2DB4A1D44F40, B0E2EE9942F09DC41C809794D9645AD9, Blends:DD100E6D4546FE2B81F9AC92923191E3, DD100E6D4546FE2B81F9AC92923191E3, DD100E6D4546FE2B81F9AC92923191E3, LayerStates:1, 1, 1, 1"
"/Game/Showcase/Materials/Masters/MM_MaterialLayer_01a.MM_MaterialLayer_01a","0","39","0","40","40","Compiling MM_MaterialLayer_01a: Platform=PCD3D_SM5, Usage=LightingModel=MSM_DefaultLit, BlendMode=BLEND_Opaque, SpecialEngine=0, TwoSided=1, TSNormal=1, Masked=0, Distorted=0, WritesEveryPixel=1, ModifiesMeshPosition=1, Usage={bUsedWithStaticLighting}, StaticSwitch'Emissive?00'=False, StaticSwitch'InvertGradient00'=False, StaticSwitch'Use AO?00'=False, StaticSwitch'Use Fuzzy Shading?00'=False, StaticSwitch'Use Iridescence?00'=False, StaticSwitch'Use Metalness?00'=True, StaticSwitch'Emissive?01'=False, StaticSwitch'InvertGradient01'=False, StaticSwitch'Use AO?01'=False, StaticSwitch'Use Fuzzy Shading?01'=False, StaticSwitch'Use Iridescence?01'=False, StaticSwitch'Use Metalness?01'=True, StaticSwitch'Emissive?02'=False, StaticSwitch'InvertGradient02'=False, StaticSwitch'Use AO?02'=False, StaticSwitch'Use Fuzzy Shading?02'=False, StaticSwitch'Use Iridescence?02'=False, StaticSwitch'Use Metalness?02'=True, StaticSwitch'Emissive?03'=False, StaticSwitch'InvertGradient03'=False, StaticSwitch'Use AO?03'=False, StaticSwitch'Use Fuzzy Shading?03'=True, StaticSwitch'Use Iridescence?03'=False, StaticSwitch'Use Metalness?03'=True, StaticSwitch'Emissive?04'=False, StaticSwitch'InvertGradient04'=False, StaticSwitch'Use AO?04'=False, StaticSwitch'Use Fuzzy Shading?04'=False, StaticSwitch'Use Iridescence?04'=False, StaticSwitch'Use Metalness?04'=True, StaticSwitch'Use Custom Normal?2-1'=TrueLayers:97BF9DC74A879D2768BE6C97E5456700, F7E0E0044272EE626AE99AA93CEC578D, B0E2EE9942F09DC41C809794D9645AD9, 97BF9DC74A879D2768BE6C97E5456700, 97BF9DC74A879D2768BE6C97E5456700, Blends:DD100E6D4546FE2B81F9AC92923191E3, DD100E6D4546FE2B81F9AC92923191E3, DD100E6D4546FE2B81F9AC92923191E3, DD100E6D4546FE2B81F9AC92923191E3, LayerStates:1, 1, 1, 1, 0"
"/Game/Showcase/Materials/Masters/MM_MaterialLayer_01a.MM_MaterialLayer_01a","0","39","0","40","40","Compiling MM_MaterialLayer_01a: Platform=PCD3D_SM5, Usage=LightingModel=MSM_DefaultLit, BlendMode=BLEND_Opaque, SpecialEngine=0, TwoSided=1, TSNormal=1, Masked=0, Distorted=0, WritesEveryPixel=1, ModifiesMeshPosition=1, Usage={bUsedWithStaticLighting}, StaticSwitch'Emissive?00'=False, StaticSwitch'InvertGradient00'=False, StaticSwitch'Use AO?00'=False, StaticSwitch'Use Fuzzy Shading?00'=False, StaticSwitch'Use Iridescence?00'=False, StaticSwitch'Use Metalness?00'=True, StaticSwitch'Emissive?01'=False, StaticSwitch'InvertGradient01'=False, StaticSwitch'Use AO?01'=False, StaticSwitch'Use Fuzzy Shading?01'=False, StaticSwitch'Use Iridescence?01'=False, StaticSwitch'Use Metalness?01'=True, StaticSwitch'Emissive?02'=False, StaticSwitch'InvertGradient02'=False, StaticSwitch'Use AO?02'=False, StaticSwitch'Use Fuzzy Shading?02'=False, StaticSwitch'Use Iridescence?02'=False, StaticSwitch'Use Metalness?02'=True, StaticSwitch'Emissive?03'=False, StaticSwitch'InvertGradient03'=False, StaticSwitch'Use AO?03'=False, StaticSwitch'Use Fuzzy Shading?03'=False, StaticSwitch'Use Iridescence?03'=False, StaticSwitch'Use Metalness?03'=True, StaticSwitch'Emissive?04'=False, StaticSwitch'InvertGradient04'=False, StaticSwitch'Use AO?04'=False, StaticSwitch'Use Fuzzy Shading?04'=False, StaticSwitch'Use Iridescence?04'=False, StaticSwitch'Use Metalness?04'=True, StaticSwitch'Use Custom Normal?2-1'=TrueLayers:97BF9DC74A879D2768BE6C97E5456700, C687AA6C4BF62E6B66AD50B1C6D1F8E9, B0E2EE9942F09DC41C809794D9645AD9, 97BF9DC74A879D2768BE6C97E5456700, F7E0E0044272EE626AE99AA93CEC578D, Blends:DD100E6D4546FE2B81F9AC92923191E3, DD100E6D4546FE2B81F9AC92923191E3, DD100E6D4546FE2B81F9AC92923191E3, DD100E6D4546FE2B81F9AC92923191E3, LayerStates:1, 1, 1, 1, 1"
"/Game/Showcase/Materials/Masters/MM_MaterialLayer_01a.MM_MaterialLayer_01a","0","39","0","40","40","Compiling MM_MaterialLayer_01a: Platform=PCD3D_SM5, Usage=LightingModel=MSM_DefaultLit, BlendMode=BLEND_Opaque, SpecialEngine=0, TwoSided=1, TSNormal=1, Masked=0, Distorted=0, WritesEveryPixel=1, ModifiesMeshPosition=1, Usage={bUsedWithStaticLighting}, StaticSwitch'Emissive?00'=False, StaticSwitch'InvertGradient00'=False, StaticSwitch'Use AO?00'=False, StaticSwitch'Use Fuzzy Shading?00'=False, StaticSwitch'Use Iridescence?00'=False, StaticSwitch'Use Metalness?00'=True, StaticSwitch'Emissive?01'=False, StaticSwitch'InvertGradient01'=False, StaticSwitch'Use AO?01'=False, StaticSwitch'Use Fuzzy Shading?01'=False, StaticSwitch'Use Iridescence?01'=False, StaticSwitch'Use Metalness?01'=True, StaticSwitch'Emissive?02'=False, StaticSwitch'InvertGradient02'=False, StaticSwitch'Use AO?02'=False, StaticSwitch'Use Fuzzy Shading?02'=False, StaticSwitch'Use Iridescence?02'=False, StaticSwitch'Use Metalness?02'=True, StaticSwitch'Emissive?03'=False, StaticSwitch'InvertGradient03'=False, StaticSwitch'Use AO?03'=False, StaticSwitch'Use Fuzzy Shading?03'=False, StaticSwitch'Use Iridescence?03'=False, StaticSwitch'Use Metalness?03'=True, StaticSwitch'Emissive?04'=False, StaticSwitch'InvertGradient04'=False, StaticSwitch'Use AO?04'=False, StaticSwitch'Use Fuzzy Shading?04'=False, StaticSwitch'Use Iridescence?04'=True, StaticSwitch'Use Metalness?04'=False, StaticSwitch'Use Custom Normal?2-1'=TrueLayers:B0E2EE9942F09DC41C809794D9645AD9, F7E0E0044272EE626AE99AA93CEC578D, B0E2EE9942F09DC41C809794D9645AD9, B0E2EE9942F09DC41C809794D9645AD9, 775B3C8F49A1DB73FA7EE3B6D2CCA4A7, Blends:DD100E6D4546FE2B81F9AC92923191E3, DD100E6D4546FE2B81F9AC92923191E3, DD100E6D4546FE2B81F9AC92923191E3, DD100E6D4546FE2B81F9AC92923191E3, LayerStates:1, 1, 1, 1, 1"
"/Game/Showcase/Materials/Masters/MM_MaterialLayer_01a.MM_MaterialLayer_01a","0","39","0","0","0","Compiling MM_MaterialLayer_01a: Platform=PCD3D_SM5, Usage=LightingModel=MSM_DefaultLit, BlendMode=BLEND_Opaque, SpecialEngine=0, TwoSided=1, TSNormal=1, Masked=0, Distorted=0, WritesEveryPixel=1, ModifiesMeshPosition=1, Usage={bUsedWithStaticLighting}, StaticSwitch'Emissive?00'=False, StaticSwitch'InvertGradient00'=False, StaticSwitch'Use AO?00'=False, StaticSwitch'Use Fuzzy Shading?00'=False, StaticSwitch'Use Iridescence?00'=False, StaticSwitch'Use Metalness?00'=True, StaticSwitch'Emissive?01'=False, StaticSwitch'InvertGradient01'=False, StaticSwitch'Use AO?01'=False, StaticSwitch'Use Fuzzy Shading?01'=False, StaticSwitch'Use Iridescence?01'=False, StaticSwitch'Use Metalness?01'=True, StaticSwitch'Emissive?02'=False, StaticSwitch'InvertGradient02'=False, StaticSwitch'Use AO?02'=False, StaticSwitch'Use Fuzzy Shading?02'=False, StaticSwitch'Use Iridescence?02'=True, StaticSwitch'Use Metalness?02'=False, StaticSwitch'Emissive?03'=False, StaticSwitch'InvertGradient03'=False, StaticSwitch'Use AO?03'=False, StaticSwitch'Use Fuzzy Shading?03'=False, StaticSwitch'Use Iridescence?03'=True, StaticSwitch'Use Metalness?03'=False, StaticSwitch'Emissive?04'=False, StaticSwitch'InvertGradient04'=False, StaticSwitch'Use AO?04'=False, StaticSwitch'Use Fuzzy Shading?04'=False, StaticSwitch'Use Iridescence?04'=False, StaticSwitch'Use Metalness?04'=True, StaticSwitch'Use Custom Normal?2-1'=TrueLayers:B0E2EE9942F09DC41C809794D9645AD9, F7E0E0044272EE626AE99AA93CEC578D, 775B3C8F49A1DB73FA7EE3B6D2CCA4A7, 775B3C8F49A1DB73FA7EE3B6D2CCA4A7, B0E2EE9942F09DC41C809794D9645AD9, Blends:DD100E6D4546FE2B81F9AC92923191E3, DD100E6D4546FE2B81F9AC92923191E3, DD100E6D4546FE2B81F9AC92923191E3, DD100E6D4546FE2B81F9AC92923191E3, LayerStates:1, 1, 0, 0, 1"
"/Game/Showcase/Materials/Masters/MM_MaterialLayer_01a.MM_MaterialLayer_01a","0","39","0","40","40","Compiling MM_MaterialLayer_01a: Platform=PCD3D_SM5, Usage=LightingModel=MSM_DefaultLit, BlendMode=BLEND_Opaque, SpecialEngine=0, TwoSided=1, TSNormal=1, Masked=0, Distorted=0, WritesEveryPixel=1, ModifiesMeshPosition=1, Usage={bUsedWithStaticLighting}, StaticSwitch'Emissive?00'=False, StaticSwitch'InvertGradient00'=True, StaticSwitch'Use AO?00'=False, StaticSwitch'Use Fuzzy Shading?00'=False, StaticSwitch'Use Iridescence?00'=True, StaticSwitch'Use Metalness?00'=True, StaticSwitch'Emissive?01'=False, StaticSwitch'InvertGradient01'=False, StaticSwitch'Use AO?01'=False, StaticSwitch'Use Fuzzy Shading?01'=False, StaticSwitch'Use Iridescence?01'=False, StaticSwitch'Use Metalness?01'=True, StaticSwitch'Emissive?02'=False, StaticSwitch'InvertGradient02'=False, StaticSwitch'Use AO?02'=False, StaticSwitch'Use Fuzzy Shading?02'=False, StaticSwitch'Use Iridescence?02'=False, StaticSwitch'Use Metalness?02'=True, StaticSwitch'Emissive?03'=False, StaticSwitch'InvertGradient03'=False, StaticSwitch'Use AO?03'=False, StaticSwitch'Use Fuzzy Shading?03'=False, StaticSwitch'Use Iridescence?03'=False, StaticSwitch'Use Metalness?03'=True, StaticSwitch'Emissive?04'=False, StaticSwitch'InvertGradient04'=False, StaticSwitch'Use AO?04'=False, StaticSwitch'Use Fuzzy Shading?04'=False, StaticSwitch'Use Iridescence?04'=False, StaticSwitch'Use Metalness?04'=True, StaticSwitch'Emissive?05'=False, StaticSwitch'InvertGradient05'=False, StaticSwitch'Use AO?05'=False, StaticSwitch'Use Fuzzy Shading?05'=False, StaticSwitch'Use Iridescence?05'=False, StaticSwitch'Use Metalness?05'=True, StaticSwitch'Use Custom Normal?2-1'=FalseLayers:775B3C8F49A1DB73FA7EE3B6D2CCA4A7, 97BF9DC74A879D2768BE6C97E5456700, C687AA6C4BF62E6B66AD50B1C6D1F8E9, B0E2EE9942F09DC41C809794D9645AD9, F7E0E0044272EE626AE99AA93CEC578D, C687AA6C4BF62E6B66AD50B1C6D1F8E9, Blends:DD100E6D4546FE2B81F9AC92923191E3, DD100E6D4546FE2B81F9AC92923191E3, DD100E6D4546FE2B81F9AC92923191E3, DD100E6D4546FE2B81F9AC92923191E3, DD100E6D4546FE2B81F9AC92923191E3, LayerStates:1, 1, 1, 1, 1, 1"
"/Game/Showcase/Materials/Masters/MM_MaterialLayer_01a.MM_MaterialLayer_01a","0","0","0","40","0","Compiling MM_MaterialLayer_01a: Platform=PCD3D_SM5, Usage=LightingModel=MSM_DefaultLit, BlendMode=BLEND_Opaque, SpecialEngine=0, TwoSided=0, TSNormal=1, Masked=0, Distorted=0, WritesEveryPixel=1, ModifiesMeshPosition=1, Usage={bUsedWithStaticLighting}, StaticSwitch'Emissive?00'=False, StaticSwitch'InvertGradient00'=False, StaticSwitch'Use AO?00'=False, StaticSwitch'Use Fuzzy Shading?00'=False, StaticSwitch'Use Iridescence?00'=False, StaticSwitch'Use Metalness?00'=True, StaticSwitch'Emissive?01'=False, StaticSwitch'InvertGradient01'=False, StaticSwitch'Use AO?01'=False, StaticSwitch'Use Fuzzy Shading?01'=False, StaticSwitch'Use Iridescence?01'=False, StaticSwitch'Use Metalness?01'=True, StaticSwitch'Emissive?02'=False, StaticSwitch'InvertGradient02'=False, StaticSwitch'Use AO?02'=False, StaticSwitch'Use Fuzzy Shading?02'=False, StaticSwitch'Use Iridescence?02'=False, StaticSwitch'Use Metalness?02'=True, StaticSwitch'Emissive?03'=True, StaticSwitch'InvertGradient03'=False, StaticSwitch'Use AO?03'=False, StaticSwitch'Use Fuzzy Shading?03'=False, StaticSwitch'Use Iridescence?03'=False, StaticSwitch'Use Metalness?03'=True, StaticSwitch'Emissive?04'=False, StaticSwitch'InvertGradient04'=False, StaticSwitch'Use AO?04'=False, StaticSwitch'Use Fuzzy Shading?04'=False, StaticSwitch'Use Iridescence?04'=False, StaticSwitch'Use Metalness?04'=True, StaticSwitch'Emissive?05'=False, StaticSwitch'InvertGradient05'=False, StaticSwitch'Use AO?05'=False, StaticSwitch'Use Fuzzy Shading?05'=False, StaticSwitch'Use Iridescence?05'=False, StaticSwitch'Use Metalness?05'=True, StaticSwitch'Use Custom Normal?2-1'=TrueLayers:97BF9DC74A879D2768BE6C97E5456700, 97BF9DC74A879D2768BE6C97E5456700, 97BF9DC74A879D2768BE6C97E5456700, 97BF9DC74A879D2768BE6C97E5456700, 97BF9DC74A879D2768BE6C97E5456700, 97BF9DC74A879D2768BE6C97E5456700, Blends:DD100E6D4546FE2B81F9AC92923191E3, DD100E6D4546FE2B81F9AC92923191E3, DD100E6D4546FE2B81F9AC92923191E3, DD100E6D4546FE2B81F9AC92923191E3, DD100E6D4546FE2B81F9AC92923191E3, LayerStates:1, 1, 0, 1, 1, 1"
"/Game/Showcase/Materials/Masters/MM_MaterialLayer_01a.MM_MaterialLayer_01a","0","0","0","40","40","Compiling MM_MaterialLayer_01a: Platform=PCD3D_SM5, Usage=LightingModel=MSM_DefaultLit, BlendMode=BLEND_Opaque, SpecialEngine=0, TwoSided=0, TSNormal=1, Masked=0, Distorted=0, WritesEveryPixel=1, ModifiesMeshPosition=1, Usage={bUsedWithStaticLighting}, StaticSwitch'Emissive?00'=False, StaticSwitch'InvertGradient00'=False, StaticSwitch'Use AO?00'=False, StaticSwitch'Use Fuzzy Shading?00'=False, StaticSwitch'Use Iridescence?00'=False, StaticSwitch'Use Metalness?00'=True, StaticSwitch'Emissive?01'=False, StaticSwitch'InvertGradient01'=False, StaticSwitch'Use AO?01'=False, StaticSwitch'Use Fuzzy Shading?01'=False, StaticSwitch'Use Iridescence?01'=False, StaticSwitch'Use Metalness?01'=True, StaticSwitch'Emissive?02'=False, StaticSwitch'InvertGradient02'=False, StaticSwitch'Use AO?02'=False, StaticSwitch'Use Fuzzy Shading?02'=False, StaticSwitch'Use Iridescence?02'=False, StaticSwitch'Use Metalness?02'=True, StaticSwitch'Emissive?03'=True, StaticSwitch'InvertGradient03'=False, StaticSwitch'Use AO?03'=False, StaticSwitch'Use Fuzzy Shading?03'=False, StaticSwitch'Use Iridescence?03'=False, StaticSwitch'Use Metalness?03'=True, StaticSwitch'Emissive?04'=False, StaticSwitch'InvertGradient04'=False, StaticSwitch'Use AO?04'=False, StaticSwitch'Use Fuzzy Shading?04'=False, StaticSwitch'Use Iridescence?04'=False, StaticSwitch'Use Metalness?04'=True, StaticSwitch'Emissive?05'=False, StaticSwitch'InvertGradient05'=False, StaticSwitch'Use AO?05'=False, StaticSwitch'Use Fuzzy Shading?05'=False, StaticSwitch'Use Iridescence?05'=False, StaticSwitch'Use Metalness?05'=True, StaticSwitch'Use Custom Normal?2-1'=TrueLayers:97BF9DC74A879D2768BE6C97E5456700, 97BF9DC74A879D2768BE6C97E5456700, 97BF9DC74A879D2768BE6C97E5456700, 97BF9DC74A879D2768BE6C97E5456700, 97BF9DC74A879D2768BE6C97E5456700, 97BF9DC74A879D2768BE6C97E5456700, Blends:DD100E6D4546FE2B81F9AC92923191E3, DD100E6D4546FE2B81F9AC92923191E3, DD100E6D4546FE2B81F9AC92923191E3, DD100E6D4546FE2B81F9AC92923191E3, DD100E6D4546FE2B81F9AC92923191E3, LayerStates:1, 1, 1, 1, 1, 1"
"/Game/Showcase/Materials/Masters/MM_MaterialLayer_01a.MM_MaterialLayer_01a","0","0","0","40","0","Compiling MM_MaterialLayer_01a: Platform=PCD3D_SM5, Usage=LightingModel=MSM_DefaultLit, BlendMode=BLEND_Opaque, SpecialEngine=0, TwoSided=0, TSNormal=1, Masked=0, Distorted=0, WritesEveryPixel=1, ModifiesMeshPosition=1, Usage={bUsedWithStaticLighting}, StaticSwitch'Emissive?00'=False, StaticSwitch'InvertGradient00'=False, StaticSwitch'Use AO?00'=False, StaticSwitch'Use Fuzzy Shading?00'=False, StaticSwitch'Use Iridescence?00'=False, StaticSwitch'Use Metalness?00'=True, StaticSwitch'Emissive?01'=False, StaticSwitch'InvertGradient01'=False, StaticSwitch'Use AO?01'=False, StaticSwitch'Use Fuzzy Shading?01'=False, StaticSwitch'Use Iridescence?01'=False, StaticSwitch'Use Metalness?01'=True, StaticSwitch'Use Custom Normal?2-1'=TrueLayers:97BF9DC74A879D2768BE6C97E5456700, 97BF9DC74A879D2768BE6C97E5456700, Blends:DD100E6D4546FE2B81F9AC92923191E3, LayerStates:1, 1"
"/Game/Showcase/Materials/Masters/MM_MaterialLayer_01a.MM_MaterialLayer_01a","0","0","0","40","0","Compiling MM_MaterialLayer_01a: Platform=PCD3D_SM5, Usage=LightingModel=MSM_DefaultLit, BlendMode=BLEND_Opaque, SpecialEngine=0, TwoSided=0, TSNormal=1, Masked=0, Distorted=0, WritesEveryPixel=1, ModifiesMeshPosition=1, Usage={bUsedWithStaticLighting}, StaticSwitch'Emissive?00'=False, StaticSwitch'InvertGradient00'=False, StaticSwitch'Use AO?00'=False, StaticSwitch'Use Fuzzy Shading?00'=False, StaticSwitch'Use Iridescence?00'=True, StaticSwitch'Use Metalness?00'=True, StaticSwitch'Emissive?01'=False, StaticSwitch'InvertGradient01'=False, StaticSwitch'Use AO?01'=False, StaticSwitch'Use Fuzzy Shading?01'=False, StaticSwitch'Use Iridescence?01'=False, StaticSwitch'Use Metalness?01'=True, StaticSwitch'Use Custom Normal?2-1'=TrueLayers:97BF9DC74A879D2768BE6C97E5456700, 97BF9DC74A879D2768BE6C97E5456700, Blends:DD100E6D4546FE2B81F9AC92923191E3, LayerStates:1, 1"
"/Game/Showcase/Materials/Masters/MM_MaterialLayer_01a.MM_MaterialLayer_01a","0","0","0","40","0","Compiling MM_MaterialLayer_01a: Platform=PCD3D_SM5, Usage=LightingModel=MSM_DefaultLit, BlendMode=BLEND_Opaque, SpecialEngine=0, TwoSided=0, TSNormal=1, Masked=0, Distorted=0, WritesEveryPixel=1, ModifiesMeshPosition=1, Usage={bUsedWithStaticLighting}, StaticSwitch'Emissive?00'=False, StaticSwitch'InvertGradient00'=False, StaticSwitch'Use AO?00'=False, StaticSwitch'Use Fuzzy Shading?00'=True, StaticSwitch'Use Iridescence?00'=False, StaticSwitch'Use Metalness?00'=False, StaticSwitch'Emissive?01'=False, StaticSwitch'InvertGradient01'=False, StaticSwitch'Use AO?01'=False, StaticSwitch'Use Fuzzy Shading?01'=False, StaticSwitch'Use Iridescence?01'=False, StaticSwitch'Use Metalness?01'=True, StaticSwitch'Use Custom Normal?2-1'=TrueLayers:97BF9DC74A879D2768BE6C97E5456700, 97BF9DC74A879D2768BE6C97E5456700, Blends:DD100E6D4546FE2B81F9AC92923191E3, LayerStates:1, 1"
"/Game/Showcase/Materials/Masters/MM_Glass_01a.MM_Glass_01a","0","0","0","33","0","Compiling MM_Glass_01a: Platform=PCD3D_SM5, Usage=LightingModel=MSM_DefaultLit, BlendMode=BLEND_Translucent, SpecialEngine=0, TwoSided=0, TSNormal=1, Masked=0, Distorted=0, WritesEveryPixel=1, ModifiesMeshPosition=0, Usage={bUsedWithStaticLighting}, StaticSwitch'Add Frame Grunge?2-1'=False, StaticSwitch'Add Grunge?2-1'=True, StaticSwitch'Add Micro Roughness to Custom?2-1'=False, StaticSwitch'Use Custom Albedo?2-1'=False, StaticSwitch'Use Custom Normal?2-1'=False, StaticSwitch'Use Custom Roughness?2-1'=False"
"/Game/Showcase/Materials/Masters/MM_Glass_01a.MM_Glass_01a","0","0","0","35","70","Compiling MM_Glass_01a: Platform=PCD3D_SM5, Usage=LightingModel=MSM_DefaultLit, BlendMode=BLEND_Translucent, SpecialEngine=0, TwoSided=1, TSNormal=1, Masked=0, Distorted=0, WritesEveryPixel=1, ModifiesMeshPosition=0, Usage={bUsedWithStaticLighting}, StaticSwitch'Add Frame Grunge?2-1'=False, StaticSwitch'Add Grunge?2-1'=True, StaticSwitch'Add Micro Roughness to Custom?2-1'=False, StaticSwitch'Use Custom Albedo?2-1'=False, StaticSwitch'Use Custom Normal?2-1'=False, StaticSwitch'Use Custom Roughness?2-1'=False"
"/Game/Showcase/Materials/Masters/MM_Car_Plastic_01a.MM_Car_Plastic_01a","0","0","0","33","33","Compiling MM_Car_Plastic_01a: Platform=PCD3D_SM5, Usage=LightingModel=MSM_DefaultLit, BlendMode=BLEND_Translucent, SpecialEngine=0, TwoSided=0, TSNormal=1, Masked=0, Distorted=0, WritesEveryPixel=1, ModifiesMeshPosition=0, Usage={bUsedWithStaticLighting}, StaticSwitch'Add Frame Grunge?2-1'=False, StaticSwitch'Add Grunge?2-1'=True, StaticSwitch'Add Micro Roughness to Custom?2-1'=False, StaticSwitch'Use Custom Albedo?2-1'=False, StaticSwitch'Use Custom Normal?2-1'=False, StaticSwitch'Use Custom Roughness?2-1'=False"
"/Game/Showcase/Materials/Masters/MM_Car_Plastic_01a.MM_Car_Plastic_01a","0","0","0","33","0","Compiling MM_Car_Plastic_01a: Platform=PCD3D_SM5, Usage=LightingModel=MSM_DefaultLit, BlendMode=BLEND_Translucent, SpecialEngine=0, TwoSided=0, TSNormal=1, Masked=0, Distorted=0, WritesEveryPixel=1, ModifiesMeshPosition=0, Usage={bUsedWithStaticLighting}, StaticSwitch'Add Frame Grunge?2-1'=False, StaticSwitch'Add Grunge?2-1'=True, StaticSwitch'Add Micro Roughness to Custom?2-1'=False, StaticSwitch'Use Custom Albedo?2-1'=False, StaticSwitch'Use Custom Normal?2-1'=True, StaticSwitch'Use Custom Roughness?2-1'=False"
"/Engine/EngineVolumetrics/LightBeam/Materials/M_EV_Lightbeam_Master_01.M_EV_Lightbeam_Master_01","0","0","0","7","0","Compiling M_EV_Lightbeam_Master_01: Platform=PCD3D_SM5, Usage=LightingModel=MSM_Unlit, BlendMode=BLEND_Translucent, SpecialEngine=0, TwoSided=1, TSNormal=1, Masked=0, Distorted=0, WritesEveryPixel=1, ModifiesMeshPosition=0, Usage={bUsedWithStaticLighting}, StaticSwitch'Fade when Far2-1'=False, StaticSwitch'UseDepthFade2-1'=False, StaticSwitch'UseTextureOverlay2-1'=False"
"/Game/Showcase/EpicContent/Materials/MM_Lightbeam_01a.MM_Lightbeam_01a","0","0","0","7","0","Compiling MM_Lightbeam_01a: Platform=PCD3D_SM5, Usage=LightingModel=MSM_Unlit, BlendMode=BLEND_Translucent, SpecialEngine=0, TwoSided=1, TSNormal=1, Masked=0, Distorted=0, WritesEveryPixel=1, ModifiesMeshPosition=0, Usage={bUsedWithStaticLighting}, StaticSwitch'Fade when Far2-1'=False, StaticSwitch'UseDepthFade2-1'=False, StaticSwitch'UseTextureOverlay2-1'=False"
"/Game/Showcase/EpicContent/Materials/MM_Lightbeam_01a.MM_Lightbeam_01a","0","0","0","7","0","Compiling MM_Lightbeam_01a: Platform=PCD3D_SM5, Usage=LightingModel=MSM_Unlit, BlendMode=BLEND_Translucent, SpecialEngine=0, TwoSided=1, TSNormal=1, Masked=0, Distorted=0, WritesEveryPixel=1, ModifiesMeshPosition=0, Usage={bUsedWithStaticLighting}, StaticSwitch'Fade when Far2-1'=False, StaticSwitch'UseDepthFade2-1'=True, StaticSwitch'UseTextureOverlay2-1'=True"
"/Engine/MaterialTemplates/1Year_Assets/FullSizeRender_Mat.FullSizeRender_Mat","0","0","0","14","0","Compiling FullSizeRender_Mat: Platform=PCD3D_SM5, Usage=LightingModel=MSM_DefaultLit, BlendMode=BLEND_Opaque, SpecialEngine=0, TwoSided=0, TSNormal=1, Masked=0, Distorted=0, WritesEveryPixel=1, ModifiesMeshPosition=0, Usage={}"
"/Engine/MaterialTemplates/1Year_Assets/NewFolder/IMG_426563_Mat.IMG_426563_Mat","0","0","0","14","0","Compiling IMG_426563_Mat: Platform=PCD3D_SM5, Usage=LightingModel=MSM_DefaultLit, BlendMode=BLEND_Opaque, SpecialEngine=0, TwoSided=0, TSNormal=1, Masked=0, Distorted=0, WritesEveryPixel=1, ModifiesMeshPosition=0, Usage={}"
"/Engine/MaterialTemplates/1Year_Assets/NewFolder/dhalf_2024-07-21_174943_391_Mat.dhalf_2024-07-21_174943_391_Mat","0","0","0","14","0","Compiling dhalf_2024-07-21_174943_391_Mat: Platform=PCD3D_SM5, Usage=LightingModel=MSM_DefaultLit, BlendMode=BLEND_Opaque, SpecialEngine=0, TwoSided=0, TSNormal=1, Masked=0, Distorted=0, WritesEveryPixel=1, ModifiesMeshPosition=0, Usage={}"
"/Engine/MaterialTemplates/1Year_Assets/IMG_414548__1__Mat.IMG_414548__1__Mat","0","0","0","14","0","Compiling IMG_414548__1__Mat: Platform=PCD3D_SM5, Usage=LightingModel=MSM_DefaultLit, BlendMode=BLEND_Opaque, SpecialEngine=0, TwoSided=0, TSNormal=1, Masked=0, Distorted=0, WritesEveryPixel=1, ModifiesMeshPosition=0, Usage={}"
"/Engine/MaterialTemplates/1Year_Assets/NewFolder/IMG_276457_Mat.IMG_276457_Mat","0","0","0","14","0","Compiling IMG_276457_Mat: Platform=PCD3D_SM5, Usage=LightingModel=MSM_DefaultLit, BlendMode=BLEND_Opaque, SpecialEngine=0, TwoSided=0, TSNormal=1, Masked=0, Distorted=0, WritesEveryPixel=1, ModifiesMeshPosition=0, Usage={}"
"/Engine/MaterialTemplates/1Year_Assets/NewFolder/dclassic_2023-12-27_113636_621_Mat.dclassic_2023-12-27_113636_621_Mat","0","0","0","14","0","Compiling dclassic_2023-12-27_113636_621_Mat: Platform=PCD3D_SM5, Usage=LightingModel=MSM_DefaultLit, BlendMode=BLEND_Opaque, SpecialEngine=0, TwoSided=0, TSNormal=1, Masked=0, Distorted=0, WritesEveryPixel=1, ModifiesMeshPosition=0, Usage={}"
"/Engine/MaterialTemplates/1Year_Assets/NewFolder/IMG_2333421_Mat.IMG_2333421_Mat","0","0","0","14","0","Compiling IMG_2333421_Mat: Platform=PCD3D_SM5, Usage=LightingModel=MSM_DefaultLit, BlendMode=BLEND_Opaque, SpecialEngine=0, TwoSided=0, TSNormal=1, Masked=0, Distorted=0, WritesEveryPixel=1, ModifiesMeshPosition=0, Usage={}"
"/Engine/MaterialTemplates/1Year_Assets/IMG_t1324_Mat.IMG_t1324_Mat","0","0","0","23","0","Compiling IMG_t1324_Mat: Platform=PCD3D_SM5, Usage=LightingModel=MSM_DefaultLit, BlendMode=BLEND_Opaque, SpecialEngine=0, TwoSided=0, TSNormal=1, Masked=0, Distorted=0, WritesEveryPixel=1, ModifiesMeshPosition=0, Usage={bUsedWithStaticLighting}"
"/Engine/MaterialTemplates/1Year_Assets/IMG_652143_Mat.IMG_652143_Mat","0","0","0","14","0","Compiling IMG_652143_Mat: Platform=PCD3D_SM5, Usage=LightingModel=MSM_DefaultLit, BlendMode=BLEND_Opaque, SpecialEngine=0, TwoSided=0, TSNormal=1, Masked=0, Distorted=0, WritesEveryPixel=1, ModifiesMeshPosition=0, Usage={}"
"/Engine/MaterialTemplates/1Year_Assets/NewFolder/lp_im65age_1__Mat.lp_im65age_1__Mat","0","0","0","14","0","Compiling lp_im65age_1__Mat: Platform=PCD3D_SM5, Usage=LightingModel=MSM_DefaultLit, BlendMode=BLEND_Opaque, SpecialEngine=0, TwoSided=0, TSNormal=1, Masked=0, Distorted=0, WritesEveryPixel=1, ModifiesMeshPosition=0, Usage={}"
"/Engine/MaterialTemplates/1Year_Assets/IMG_165579_Mat.IMG_165579_Mat","0","0","0","14","0","Compiling IMG_165579_Mat: Platform=PCD3D_SM5, Usage=LightingModel=MSM_DefaultLit, BlendMode=BLEND_Opaque, SpecialEngine=0, TwoSided=0, TSNormal=1, Masked=0, Distorted=0, WritesEveryPixel=1, ModifiesMeshPosition=0, Usage={}"
"/Engine/MaterialTemplates/1Year_Assets/IMG_40962_Mat.IMG_40962_Mat","0","0","0","30","0","Compiling IMG_40962_Mat: Platform=PCD3D_SM5, Usage=LightingModel=MSM_DefaultLit, BlendMode=BLEND_Translucent, SpecialEngine=0, TwoSided=0, TSNormal=1, Masked=0, Distorted=0, WritesEveryPixel=1, ModifiesMeshPosition=0, Usage={bUsedWithStaticLighting}"
"/Engine/MaterialTemplates/1Year_Assets/IMG_40033_Mat.IMG_40033_Mat","0","0","0","23","0","Compiling IMG_40033_Mat: Platform=PCD3D_SM5, Usage=LightingModel=MSM_DefaultLit, BlendMode=BLEND_Opaque, SpecialEngine=0, TwoSided=0, TSNormal=1, Masked=0, Distorted=0, WritesEveryPixel=1, ModifiesMeshPosition=0, Usage={bUsedWithStaticLighting}"
"/Engine/MaterialTemplates/1Year_Assets/ct2f_2023-10-12_233652_434_Mat.ct2f_2023-10-12_233652_434_Mat","0","0","0","14","0","Compiling ct2f_2023-10-12_233652_434_Mat: Platform=PCD3D_SM5, Usage=LightingModel=MSM_DefaultLit, BlendMode=BLEND_Opaque, SpecialEngine=0, TwoSided=0, TSNormal=1, Masked=0, Distorted=0, WritesEveryPixel=1, ModifiesMeshPosition=0, Usage={}"
"/Engine/MaterialTemplates/1Year_Assets/IMG_3945483_Mat.IMG_3945483_Mat","0","0","0","14","0","Compiling IMG_3945483_Mat: Platform=PCD3D_SM5, Usage=LightingModel=MSM_DefaultLit, BlendMode=BLEND_Opaque, SpecialEngine=0, TwoSided=0, TSNormal=1, Masked=0, Distorted=0, WritesEveryPixel=1, ModifiesMeshPosition=0, Usage={}"
"/Engine/MaterialTemplates/1Year_Assets/NewFolder/IMG_426559_Mat.IMG_426559_Mat","0","0","0","14","0","Compiling IMG_426559_Mat: Platform=PCD3D_SM5, Usage=LightingModel=MSM_DefaultLit, BlendMode=BLEND_Opaque, SpecialEngine=0, TwoSided=0, TSNormal=1, Masked=0, Distorted=0, WritesEveryPixel=1, ModifiesMeshPosition=0, Usage={}"
"/Engine/MaterialTemplates/1Year_Assets/NewFolder/IMG_45658659_1__Mat.IMG_45658659_1__Mat","0","0","0","14","0","Compiling IMG_45658659_1__Mat: Platform=PCD3D_SM5, Usage=LightingModel=MSM_DefaultLit, BlendMode=BLEND_Opaque, SpecialEngine=0, TwoSided=0, TSNormal=1, Masked=0, Distorted=0, WritesEveryPixel=1, ModifiesMeshPosition=0, Usage={}"
"/Engine/MaterialTemplates/1Year_Assets/IMG_406624_Mat.IMG_406624_Mat","0","0","0","14","0","Compiling IMG_406624_Mat: Platform=PCD3D_SM5, Usage=LightingModel=MSM_DefaultLit, BlendMode=BLEND_Opaque, SpecialEngine=0, TwoSided=0, TSNormal=1, Masked=0, Distorted=0, WritesEveryPixel=1, ModifiesMeshPosition=0, Usage={}"
"/Engine/MaterialTemplates/1Year_Assets/NewFolder/IMG_544323_Mat.IMG_544323_Mat","0","0","0","14","0","Compiling IMG_544323_Mat: Platform=PCD3D_SM5, Usage=LightingModel=MSM_DefaultLit, BlendMode=BLEND_Opaque, SpecialEngine=0, TwoSided=0, TSNormal=1, Masked=0, Distorted=0, WritesEveryPixel=1, ModifiesMeshPosition=0, Usage={}"
"/Engine/MaterialTemplates/1Year_Assets/NewFolder/dhalf_2024-04-16_232049_664_Mat.dhalf_2024-04-16_232049_664_Mat","0","0","0","14","0","Compiling dhalf_2024-04-16_232049_664_Mat: Platform=PCD3D_SM5, Usage=LightingModel=MSM_DefaultLit, BlendMode=BLEND_Opaque, SpecialEngine=0, TwoSided=0, TSNormal=1, Masked=0, Distorted=0, WritesEveryPixel=1, ModifiesMeshPosition=0, Usage={}"
"/Engine/MaterialTemplates/1Year_Assets/adobe-express-qr-code__1__Mat.adobe-express-qr-code__1__Mat","0","0","0","14","0","Compiling adobe-express-qr-code__1__Mat: Platform=PCD3D_SM5, Usage=LightingModel=MSM_DefaultLit, BlendMode=BLEND_Opaque, SpecialEngine=0, TwoSided=0, TSNormal=1, Masked=0, Distorted=0, WritesEveryPixel=1, ModifiesMeshPosition=0, Usage={}"
"/Engine/MaterialTemplates/1Year_Assets/IMG_26144_Mat.IMG_26144_Mat","0","0","0","14","0","Compiling IMG_26144_Mat: Platform=PCD3D_SM5, Usage=LightingModel=MSM_DefaultLit, BlendMode=BLEND_Opaque, SpecialEngine=0, TwoSided=0, TSNormal=1, Masked=0, Distorted=0, WritesEveryPixel=1, ModifiesMeshPosition=0, Usage={}"
"/Engine/MaterialTemplates/1Year_Assets/NewFolder/IMG_4667074_Mat.IMG_4667074_Mat","0","0","0","14","0","Compiling IMG_4667074_Mat: Platform=PCD3D_SM5, Usage=LightingModel=MSM_DefaultLit, BlendMode=BLEND_Opaque, SpecialEngine=0, TwoSided=0, TSNormal=1, Masked=0, Distorted=0, WritesEveryPixel=1, ModifiesMeshPosition=0, Usage={}"
"/Engine/MaterialTemplates/1Year_Assets/IMG_871570_Mat.IMG_871570_Mat","0","0","0","14","0","Compiling IMG_871570_Mat: Platform=PCD3D_SM5, Usage=LightingModel=MSM_DefaultLit, BlendMode=BLEND_Opaque, SpecialEngine=0, TwoSided=0, TSNormal=1, Masked=0, Distorted=0, WritesEveryPixel=1, ModifiesMeshPosition=0, Usage={}"
"/Engine/MaterialTemplates/1Year_Assets/NewFolder/IMG_256204_Mat.IMG_256204_Mat","0","0","0","14","0","Compiling IMG_256204_Mat: Platform=PCD3D_SM5, Usage=LightingModel=MSM_DefaultLit, BlendMode=BLEND_Opaque, SpecialEngine=0, TwoSided=0, TSNormal=1, Masked=0, Distorted=0, WritesEveryPixel=1, ModifiesMeshPosition=0, Usage={}"
"/Engine/MaterialTemplates/1Year_Assets/IMG_554151_Mat.IMG_554151_Mat","0","0","0","14","0","Compiling IMG_554151_Mat: Platform=PCD3D_SM5, Usage=LightingModel=MSM_DefaultLit, BlendMode=BLEND_Opaque, SpecialEngine=0, TwoSided=0, TSNormal=1, Masked=0, Distorted=0, WritesEveryPixel=1, ModifiesMeshPosition=0, Usage={}"
"/Engine/MaterialTemplates/1Year_Assets/IMG_08936_Mat.IMG_08936_Mat","0","0","0","14","0","Compiling IMG_08936_Mat: Platform=PCD3D_SM5, Usage=LightingModel=MSM_DefaultLit, BlendMode=BLEND_Opaque, SpecialEngine=0, TwoSided=0, TSNormal=1, Masked=0, Distorted=0, WritesEveryPixel=1, ModifiesMeshPosition=0, Usage={}"
"/Engine/MaterialTemplates/1Year_Assets/IMG_256261_Mat.IMG_256261_Mat","0","0","0","14","0","Compiling IMG_256261_Mat: Platform=PCD3D_SM5, Usage=LightingModel=MSM_DefaultLit, BlendMode=BLEND_Opaque, SpecialEngine=0, TwoSided=0, TSNormal=1, Masked=0, Distorted=0, WritesEveryPixel=1, ModifiesMeshPosition=0, Usage={}"
"/Engine/MaterialTemplates/1Year_Assets/NewFolder/IMG_8454341_Mat.IMG_8454341_Mat","0","0","0","14","0","Compiling IMG_8454341_Mat: Platform=PCD3D_SM5, Usage=LightingModel=MSM_DefaultLit, BlendMode=BLEND_Opaque, SpecialEngine=0, TwoSided=0, TSNormal=1, Masked=0, Distorted=0, WritesEveryPixel=1, ModifiesMeshPosition=0, Usage={}"
"/Engine/MaterialTemplates/1Year_Assets/adobe-express-qr-code_Mat.adobe-express-qr-code_Mat","0","0","0","14","0","Compiling adobe-express-qr-code_Mat: Platform=PCD3D_SM5, Usage=LightingModel=MSM_DefaultLit, BlendMode=BLEND_Opaque, SpecialEngine=0, TwoSided=0, TSNormal=1, Masked=0, Distorted=0, WritesEveryPixel=1, ModifiesMeshPosition=0, Usage={}"
"/Engine/MaterialTemplates/1Year_Assets/NewFolder/ct2f_2023-10-12_233653_041_Mat1.ct2f_2023-10-12_233653_041_Mat1","0","0","0","14","0","Compiling ct2f_2023-10-12_233653_041_Mat1: Platform=PCD3D_SM5, Usage=LightingModel=MSM_DefaultLit, BlendMode=BLEND_Opaque, SpecialEngine=0, TwoSided=0, TSNormal=1, Masked=0, Distorted=0, WritesEveryPixel=1, ModifiesMeshPosition=0, Usage={}"
"/Engine/MaterialTemplates/1Year_Assets/NewFolder/cpm35_2024-07-21_174907_985_Mat.cpm35_2024-07-21_174907_985_Mat","0","0","0","14","0","Compiling cpm35_2024-07-21_174907_985_Mat: Platform=PCD3D_SM5, Usage=LightingModel=MSM_DefaultLit, BlendMode=BLEND_Opaque, SpecialEngine=0, TwoSided=0, TSNormal=1, Masked=0, Distorted=0, WritesEveryPixel=1, ModifiesMeshPosition=0, Usage={}"
"/Engine/MaterialTemplates/1Year_Assets/NewFolder/IMG_418784_Mat.IMG_418784_Mat","0","0","0","14","0","Compiling IMG_418784_Mat: Platform=PCD3D_SM5, Usage=LightingModel=MSM_DefaultLit, BlendMode=BLEND_Opaque, SpecialEngine=0, TwoSided=0, TSNormal=1, Masked=0, Distorted=0, WritesEveryPixel=1, ModifiesMeshPosition=0, Usage={}"
"/Engine/MaterialTemplates/1Year_Assets/IMG_26873_Mat.IMG_26873_Mat","0","0","0","14","0","Compiling IMG_26873_Mat: Platform=PCD3D_SM5, Usage=LightingModel=MSM_DefaultLit, BlendMode=BLEND_Opaque, SpecialEngine=0, TwoSided=0, TSNormal=1, Masked=0, Distorted=0, WritesEveryPixel=1, ModifiesMeshPosition=0, Usage={}"
"/Engine/VREditor/SnapGrid/SnapGridMaterial.SnapGridMaterial","0","0","0","12","0","Compiling SnapGridMaterial: Platform=PCD3D_SM5, Usage=LightingModel=MSM_Unlit, BlendMode=BLEND_Translucent, SpecialEngine=0, TwoSided=1, TSNormal=1, Masked=0, Distorted=0, WritesEveryPixel=1, ModifiesMeshPosition=0, Usage={bUsedWithStaticLighting,bUsedWithSplineMeshes}"
"/Game/Showcase/Materials/Masters/MM_MasterMaterial_01a.MM_MasterMaterial_01a","0","0","0","56","0","Compiling MM_MasterMaterial_01a: Platform=PCD3D_SM5, Usage=LightingModel=MSM_DefaultLit, BlendMode=BLEND_Opaque, SpecialEngine=0, TwoSided=0, TSNormal=1, Masked=0, Distorted=0, WritesEveryPixel=1, ModifiesMeshPosition=0, Usage={bUsedWithSkeletalMesh,bUsedWithStaticLighting,bUsedWithSplineMeshes}, StaticSwitch'Additional Roughness Controls?2-1'=False, StaticSwitch'Albedo Map?2-1'=True, StaticSwitch'Ambient Occlusion?2-1'=True, StaticSwitch'Bump Offset?2-1'=False, StaticSwitch'Cloth Fuzzy Shading?2-1'=False, StaticSwitch'Detail Normal?2-1'=False, StaticSwitch'Emissive?2-1'=False, StaticSwitch'Metalness Map?2-1'=True, StaticSwitch'Normal Map?2-1'=True, StaticSwitch'Opacity in Albedo Alpha?2-1'=True, StaticSwitch'Opacity?2-1'=False, StaticSwitch'Roughness Map?2-1'=True, StaticSwitch'Tint By Mask?2-1'=False, StaticSwitch'Use Base Color Tint (Multiple)?2-1'=False, StaticSwitch'Use Bump Offset Emissive?2-1'=False"
"/Game/Showcase/Materials/Masters/MM_MasterMaterial_01a.MM_MasterMaterial_01a","0","0","0","56","0","Compiling MM_MasterMaterial_01a: Platform=PCD3D_SM5, Usage=LightingModel=MSM_DefaultLit, BlendMode=BLEND_Opaque, SpecialEngine=0, TwoSided=0, TSNormal=1, Masked=0, Distorted=0, WritesEveryPixel=1, ModifiesMeshPosition=0, Usage={bUsedWithSkeletalMesh,bUsedWithStaticLighting,bUsedWithSplineMeshes}, StaticSwitch'Additional Roughness Controls?2-1'=True, StaticSwitch'Albedo Map?2-1'=True, StaticSwitch'Ambient Occlusion?2-1'=True, StaticSwitch'Bump Offset?2-1'=False, StaticSwitch'Cloth Fuzzy Shading?2-1'=False, StaticSwitch'Detail Normal?2-1'=False, StaticSwitch'Emissive?2-1'=False, StaticSwitch'Metalness Map?2-1'=True, StaticSwitch'Normal Map?2-1'=True, StaticSwitch'Opacity in Albedo Alpha?2-1'=True, StaticSwitch'Opacity?2-1'=False, StaticSwitch'Roughness Map?2-1'=False, StaticSwitch'Tint By Mask?2-1'=False, StaticSwitch'Use Base Color Tint (Multiple)?2-1'=False, StaticSwitch'Use Bump Offset Emissive?2-1'=False"
"/Engine/EngineSky/VolumetricClouds/m_SimpleVolumetricCloud.m_SimpleVolumetricCloud","0","0","0","100","0","Compiling m_SimpleVolumetricCloud: Platform=PCD3D_SM5, Usage=LightingModel=MSM_DefaultLit, BlendMode=BLEND_Additive, SpecialEngine=0, TwoSided=0, TSNormal=1, Masked=0, Distorted=0, WritesEveryPixel=1, ModifiesMeshPosition=0, Usage={bUsedWithVolumetricCloud}"
"/Game/Showcase/EpicContent/Mannequin/Character/Materials/M_Male_Body.M_Male_Body","0","0","0","71","0","Compiling M_Male_Body: Platform=PCD3D_SM5, Usage=LightingModel=MSM_DefaultLit, BlendMode=BLEND_Masked, SpecialEngine=0, TwoSided=0, TSNormal=1, Masked=1, Distorted=0, WritesEveryPixel=0, ModifiesMeshPosition=0, Usage={bUsedWithSkeletalMesh,bUsedWithStaticLighting}, StaticSwitch'PlasticOverride2-1'=False"
"/Game/Showcase/EpicContent/Mannequin/Character/Materials/M_Male_Body.M_Male_Body","0","0","0","71","0","Compiling M_Male_Body: Platform=PCD3D_SM5, Usage=LightingModel=MSM_DefaultLit, BlendMode=BLEND_Masked, SpecialEngine=0, TwoSided=0, TSNormal=1, Masked=1, Distorted=0, WritesEveryPixel=0, ModifiesMeshPosition=0, Usage={bUsedWithSkeletalMesh,bUsedWithStaticLighting}, StaticSwitch'PlasticOverride2-1'=True"
"/Game/Showcase/EpicContent/Materials/MM_HairSheet_01a.MM_HairSheet_01a","0","0","0","98","98","Compiling MM_HairSheet_01a: Platform=PCD3D_SM5, Usage=LightingModel=MSM_Hair, BlendMode=BLEND_Masked, SpecialEngine=0, TwoSided=1, TSNormal=1, Masked=1, Distorted=0, WritesEveryPixel=0, ModifiesMeshPosition=1, Usage={bUsedWithSkeletalMesh,bUsedWithStaticLighting,bUsedWithMorphTargets,bUsedWithClothing}, StaticSwitch'BlendColorsWithParameter2-1'=False, StaticSwitch'C: Use 2nd UV Channel For Color Mask_12-1'=True, StaticSwitch'C: Use 2nd UV Channel For Color Mask_22-1'=True, StaticSwitch'Detail Mask Blend2-1'=True, StaticSwitch'Eyebrow2-1'=False, StaticSwitch'HideHair2-1'=False, StaticSwitch'isDyed2-1'=False, StaticSwitch'isHideable2-1'=False, StaticSwitch'isMultiColorShift2-1'=False, StaticSwitch'SubtractTipFromDepth2-1'=False, StaticSwitch'Use2ndChannelUVForAO2-1'=True, StaticSwitch'Use2ndChannelUVForBaseColorTextures2-1'=False, StaticSwitch'Use2ndChannelUVForDiffuseTexture2-1'=False, StaticSwitch'Use3rdChannelUVForAO2-1'=False, StaticSwitch'UseDiffuseBaseColor2-1'=False, StaticSwitch'useFacingAO2-1'=True, StaticSwitch'useFlowMapTexture2-1'=False, StaticSwitch'UseHairWind2-1'=False, StaticSwitch'UseLowQualityScatter2-1'=True, StaticSwitch'UseMaskForSpecular2-1'=False, StaticSwitch'useMaterialAO2-1'=False, StaticSwitch'UseSecondUVChannel_Dye2-1'=False, StaticSwitch'UsesVertexColors2-1'=False, StaticSwitch'UV2ColorBlend2-1'=False, StaticSwitch'Variation2-1'=False"
"/Game/Showcase/EpicContent/Materials/MM_HairSheet_01a.MM_HairSheet_01a","0","0","0","98","98","Compiling MM_HairSheet_01a: Platform=PCD3D_SM5, Usage=LightingModel=MSM_Hair, BlendMode=BLEND_Masked, SpecialEngine=0, TwoSided=1, TSNormal=1, Masked=1, Distorted=0, WritesEveryPixel=0, ModifiesMeshPosition=1, Usage={bUsedWithSkeletalMesh,bUsedWithStaticLighting,bUsedWithMorphTargets,bUsedWithClothing}, StaticSwitch'BlendColorsWithParameter2-1'=True, StaticSwitch'C: Use 2nd UV Channel For Color Mask_12-1'=True, StaticSwitch'C: Use 2nd UV Channel For Color Mask_22-1'=True, StaticSwitch'Detail Mask Blend2-1'=True, StaticSwitch'Eyebrow2-1'=False, StaticSwitch'HideHair2-1'=False, StaticSwitch'isDyed2-1'=False, StaticSwitch'isHideable2-1'=False, StaticSwitch'isMultiColorShift2-1'=False, StaticSwitch'SubtractTipFromDepth2-1'=True, StaticSwitch'Use2ndChannelUVForAO2-1'=True, StaticSwitch'Use2ndChannelUVForBaseColorTextures2-1'=False, StaticSwitch'Use2ndChannelUVForDiffuseTexture2-1'=False, StaticSwitch'Use3rdChannelUVForAO2-1'=False, StaticSwitch'UseDiffuseBaseColor2-1'=False, StaticSwitch'useFacingAO2-1'=True, StaticSwitch'useFlowMapTexture2-1'=True, StaticSwitch'UseHairWind2-1'=False, StaticSwitch'UseLowQualityScatter2-1'=True, StaticSwitch'UseMaskForSpecular2-1'=False, StaticSwitch'useMaterialAO2-1'=False, StaticSwitch'UseSecondUVChannel_Dye2-1'=False, StaticSwitch'UsesVertexColors2-1'=False, StaticSwitch'UV2ColorBlend2-1'=False, StaticSwitch'Variation2-1'=True"
"/Game/Showcase/Materials/Masters/MM_Panel_Screen_01a.MM_Panel_Screen_01a","0","0","0","23","0","Compiling MM_Panel_Screen_01a: Platform=PCD3D_SM5, Usage=LightingModel=MSM_DefaultLit, BlendMode=BLEND_Opaque, SpecialEngine=0, TwoSided=0, TSNormal=1, Masked=0, Distorted=0, WritesEveryPixel=1, ModifiesMeshPosition=0, Usage={bUsedWithStaticLighting}"
"/Game/Showcase/Materials/Masters/MM_Master_Material_01a.MM_Master_Material_01a","0","0","0","44","0","Compiling MM_Master_Material_01a: Platform=PCD3D_SM5, Usage=LightingModel=MSM_DefaultLit, BlendMode=BLEND_Opaque, SpecialEngine=0, TwoSided=0, TSNormal=1, Masked=0, Distorted=0, WritesEveryPixel=1, ModifiesMeshPosition=0, Usage={bUsedWithStaticLighting,bUsedWithSplineMeshes}, StaticSwitch'Add Fuzzy Shading2-1'=False, StaticSwitch'Additional Roughness Controls?2-1'=False, StaticSwitch'Albedo Contrast?2-1'=False, StaticSwitch'Albedo Map?2-1'=True, StaticSwitch'Ambient Occlusion?2-1'=True, StaticSwitch'Bump Offset?2-1'=False, StaticSwitch'Custom Emissive Texture?2-1'=False, StaticSwitch'Emissive Contrast?2-1'=False, StaticSwitch'Emissive?2-1'=False, StaticSwitch'Metalness Map?2-1'=True, StaticSwitch'Normal Map?2-1'=True, StaticSwitch'Opacity in Albedo Alpha?2-1'=True, StaticSwitch'Opacity?2-1'=False, StaticSwitch'Roughness Map?2-1'=True, StaticSwitch'Secondary Color Tinti?2-1'=False, StaticSwitch'Subsurface?2-1'=False, StaticSwitch'Tint on vert paint?2-1'=False, StaticSwitch'Use Base Color Tint?2-1'=False, StaticSwitch'Use Custom Heightmap?2-1'=False, StaticMask'RMA Height Channel2-1'=RG"
"/Game/Showcase/Materials/Masters/MM_Master_Material_01a.MM_Master_Material_01a","0","0","0","52","0","Compiling MM_Master_Material_01a: Platform=PCD3D_SM5, Usage=LightingModel=MSM_DefaultLit, BlendMode=BLEND_Opaque, SpecialEngine=0, TwoSided=1, TSNormal=1, Masked=0, Distorted=0, WritesEveryPixel=1, ModifiesMeshPosition=0, Usage={bUsedWithStaticLighting,bUsedWithSplineMeshes}, StaticSwitch'Add Fuzzy Shading2-1'=False, StaticSwitch'Additional Roughness Controls?2-1'=False, StaticSwitch'Albedo Contrast?2-1'=False, StaticSwitch'Albedo Map?2-1'=True, StaticSwitch'Ambient Occlusion?2-1'=True, StaticSwitch'Bump Offset?2-1'=False, StaticSwitch'Custom Emissive Texture?2-1'=True, StaticSwitch'Emissive Contrast?2-1'=False, StaticSwitch'Emissive?2-1'=True, StaticSwitch'Metalness Map?2-1'=True, StaticSwitch'Normal Map?2-1'=True, StaticSwitch'Opacity in Albedo Alpha?2-1'=True, StaticSwitch'Opacity?2-1'=False, StaticSwitch'Roughness Map?2-1'=True, StaticSwitch'Secondary Color Tinti?2-1'=False, StaticSwitch'Subsurface?2-1'=False, StaticSwitch'Tint on vert paint?2-1'=False, StaticSwitch'Use Base Color Tint?2-1'=False, StaticSwitch'Use Custom Heightmap?2-1'=False, StaticMask'RMA Height Channel2-1'=RG"
"/Interchange/gltf/M_Unlit.M_Unlit","0","0","0","6","0","Compiling M_Unlit: Platform=PCD3D_SM5, Usage=LightingModel=MSM_Unlit, BlendMode=BLEND_Opaque, SpecialEngine=0, TwoSided=0, TSNormal=1, Masked=0, Distorted=0, WritesEveryPixel=1, ModifiesMeshPosition=0, Usage={bUsedWithSkeletalMesh}"
"/Interchange/gltf/M_Unlit.M_Unlit","0","0","0","20","0","Compiling M_Unlit: Platform=PCD3D_SM5, Usage=LightingModel=MSM_Unlit, BlendMode=BLEND_Translucent, SpecialEngine=0, TwoSided=1, TSNormal=1, Masked=0, Distorted=0, WritesEveryPixel=1, ModifiesMeshPosition=0, Usage={bUsedWithSkeletalMesh}"
"/Interchange/gltf/M_Unlit.M_Unlit","0","0","0","36","0","Compiling M_Unlit: Platform=PCD3D_SM5, Usage=LightingModel=MSM_Unlit, BlendMode=BLEND_Masked, SpecialEngine=0, TwoSided=1, TSNormal=1, Masked=1, Distorted=0, WritesEveryPixel=0, ModifiesMeshPosition=0, Usage={bUsedWithSkeletalMesh}"
"/Interchange/gltf/M_Unlit.M_Unlit","0","0","0","14","0","Compiling M_Unlit: Platform=PCD3D_SM5, Usage=LightingModel=MSM_Unlit, BlendMode=BLEND_Opaque, SpecialEngine=0, TwoSided=1, TSNormal=1, Masked=0, Distorted=0, WritesEveryPixel=1, ModifiesMeshPosition=0, Usage={bUsedWithSkeletalMesh}"
"/Interchange/gltf/M_Unlit.M_Unlit","0","0","0","16","0","Compiling M_Unlit: Platform=PCD3D_SM5, Usage=LightingModel=MSM_Unlit, BlendMode=BLEND_Translucent, SpecialEngine=0, TwoSided=0, TSNormal=1, Masked=0, Distorted=0, WritesEveryPixel=1, ModifiesMeshPosition=0, Usage={bUsedWithSkeletalMesh}"
"/Interchange/gltf/M_Unlit.M_Unlit","0","0","0","36","0","Compiling M_Unlit: Platform=PCD3D_SM5, Usage=LightingModel=MSM_Unlit, BlendMode=BLEND_Masked, SpecialEngine=0, TwoSided=0, TSNormal=1, Masked=1, Distorted=0, WritesEveryPixel=0, ModifiesMeshPosition=0, Usage={bUsedWithSkeletalMesh}"
"/Game/Showcase/EpicContent/Materials/MM_Default_Mat_01a.MM_Default_Mat_01a","0","0","0","23","0","Compiling MM_Default_Mat_01a: Platform=PCD3D_SM5, Usage=LightingModel=MSM_DefaultLit, BlendMode=BLEND_Opaque, SpecialEngine=0, TwoSided=0, TSNormal=1, Masked=0, Distorted=0, WritesEveryPixel=1, ModifiesMeshPosition=0, Usage={bUsedWithStaticLighting}, StaticSwitch'Enable SSS Parameters2-1'=False, StaticSwitch'Use Adjusted Maps2-1'=True"
"/Game/Showcase/Materials/Masters/MM_Assets.MM_Assets","0","0","0","42","0","Compiling MM_Assets: Platform=PCD3D_SM5, Usage=LightingModel=MSM_DefaultLit, BlendMode=BLEND_Opaque, SpecialEngine=0, TwoSided=0, TSNormal=1, Masked=0, Distorted=0, WritesEveryPixel=1, ModifiesMeshPosition=1, Usage={bUsedWithStaticLighting}, StaticSwitch'InvertGradient2-1'=False, StaticSwitch'Use Iridescence?2-1'=False"
"/SpeedTreeImporter/SpeedTree9/SpeedTreeMaster.SpeedTreeMaster","0","0","0","88","0","Compiling SpeedTreeMaster: Platform=PCD3D_SM5, Usage=LightingModel=MSM_TwoSidedFoliage, BlendMode=BLEND_Masked, SpecialEngine=0, TwoSided=1, TSNormal=1, Masked=1, Distorted=0, WritesEveryPixel=0, ModifiesMeshPosition=1, Usage={bUsedWithStaticLighting,bUsedWithInstancedStaticMeshes}, StaticSwitch'Branch1Enable2-1'=True, StaticSwitch'Branch2Enable2-1'=False, StaticSwitch'FlipBacksideNormals2-1'=True, StaticSwitch'HandleCameraFacing2-1'=False, StaticSwitch'HasBranch2Data_Internal2-1'=False, StaticSwitch'RippleEnable2-1'=True, StaticSwitch'RippleShimmerEnable2-1'=False, StaticSwitch'SharedEnable2-1'=True"
"/Game/Showcase/Materials/Masters/MM_Screens_01a.MM_Screens_01a","0","0","0","23","0","Compiling MM_Screens_01a: Platform=PCD3D_SM5, Usage=LightingModel=MSM_DefaultLit, BlendMode=BLEND_Opaque, SpecialEngine=0, TwoSided=0, TSNormal=1, Masked=0, Distorted=0, WritesEveryPixel=1, ModifiesMeshPosition=0, Usage={bUsedWithStaticLighting}"
"/Game/Showcase/Materials/Masters/MM_Metal_01a.MM_Metal_01a","0","0","0","23","0","Compiling MM_Metal_01a: Platform=PCD3D_SM5, Usage=LightingModel=MSM_DefaultLit, BlendMode=BLEND_Opaque, SpecialEngine=0, TwoSided=0, TSNormal=1, Masked=0, Distorted=0, WritesEveryPixel=1, ModifiesMeshPosition=0, Usage={bUsedWithStaticLighting}"
"/Game/Showcase/Materials/Masters/MM_Mannequin_01a.MM_Mannequin_01a","0","0","0","23","0","Compiling MM_Mannequin_01a: Platform=PCD3D_SM5, Usage=LightingModel=MSM_DefaultLit, BlendMode=BLEND_Opaque, SpecialEngine=0, TwoSided=0, TSNormal=1, Masked=0, Distorted=0, WritesEveryPixel=1, ModifiesMeshPosition=0, Usage={bUsedWithStaticLighting}"
"/Game/Showcase/EpicContent/Materials/MM_Master_01a.MM_Master_01a","0","0","0","92","0","Compiling MM_Master_01a: Platform=PCD3D_SM5, Usage=LightingModel=MSM_DefaultLit|MSM_ClearCoat, BlendMode=BLEND_Opaque, SpecialEngine=0, TwoSided=0, TSNormal=0, Masked=0, Distorted=0, WritesEveryPixel=1, ModifiesMeshPosition=1, Usage={bUsedWithStaticLighting,bUsedWithInstancedStaticMeshes}, StaticSwitch'Add Dust2-1'=False, StaticSwitch'Add Fingerprints2-1'=False, StaticSwitch'Add Stains2-1'=False, StaticSwitch'AnisoAngle Map2-1'=False, StaticSwitch'Is Metallic2-1'=False, StaticSwitch'Use Anisotropy2-1'=False, StaticSwitch'Use Clear Coat2-1'=False, StaticSwitch'Use Object UVs2-1'=False, StaticSwitch'Use Tint2-1'=False"
"/Game/Showcase/EpicContent/Materials/MM_Master_01a.MM_Master_01a","0","0","0","92","0","Compiling MM_Master_01a: Platform=PCD3D_SM5, Usage=LightingModel=MSM_DefaultLit|MSM_ClearCoat, BlendMode=BLEND_Opaque, SpecialEngine=0, TwoSided=0, TSNormal=0, Masked=0, Distorted=0, WritesEveryPixel=1, ModifiesMeshPosition=1, Usage={bUsedWithStaticLighting,bUsedWithInstancedStaticMeshes}, StaticSwitch'Add Dust2-1'=True, StaticSwitch'Add Fingerprints2-1'=True, StaticSwitch'Add Stains2-1'=False, StaticSwitch'AnisoAngle Map2-1'=False, StaticSwitch'Is Metallic2-1'=True, StaticSwitch'Use Anisotropy2-1'=False, StaticSwitch'Use Clear Coat2-1'=False, StaticSwitch'Use Object UVs2-1'=False, StaticSwitch'Use Tint2-1'=True"
"/Game/Showcase/EpicContent/Materials/MM_Master_01a.MM_Master_01a","0","0","0","92","92","Compiling MM_Master_01a: Platform=PCD3D_SM5, Usage=LightingModel=MSM_DefaultLit|MSM_ClearCoat, BlendMode=BLEND_Opaque, SpecialEngine=0, TwoSided=0, TSNormal=0, Masked=0, Distorted=0, WritesEveryPixel=1, ModifiesMeshPosition=1, Usage={bUsedWithStaticLighting,bUsedWithInstancedStaticMeshes}, StaticSwitch'Add Dust2-1'=True, StaticSwitch'Add Fingerprints2-1'=True, StaticSwitch'Add Stains2-1'=False, StaticSwitch'AnisoAngle Map2-1'=False, StaticSwitch'Is Metallic2-1'=False, StaticSwitch'Use Anisotropy2-1'=False, StaticSwitch'Use Clear Coat2-1'=False, StaticSwitch'Use Object UVs2-1'=False, StaticSwitch'Use Tint2-1'=True"
"/Game/Showcase/EpicContent/Materials/MM_Master_01a.MM_Master_01a","0","0","0","92","0","Compiling MM_Master_01a: Platform=PCD3D_SM5, Usage=LightingModel=MSM_DefaultLit|MSM_ClearCoat, BlendMode=BLEND_Opaque, SpecialEngine=0, TwoSided=0, TSNormal=0, Masked=0, Distorted=0, WritesEveryPixel=1, ModifiesMeshPosition=1, Usage={bUsedWithStaticLighting,bUsedWithInstancedStaticMeshes}, StaticSwitch'Add Dust2-1'=False, StaticSwitch'Add Fingerprints2-1'=False, StaticSwitch'Add Stains2-1'=False, StaticSwitch'AnisoAngle Map2-1'=False, StaticSwitch'Is Metallic2-1'=True, StaticSwitch'Use Anisotropy2-1'=False, StaticSwitch'Use Clear Coat2-1'=False, StaticSwitch'Use Object UVs2-1'=False, StaticSwitch'Use Tint2-1'=True"
"/Game/Showcase/EpicContent/Materials/MM_Master_01a.MM_Master_01a","0","0","0","92","0","Compiling MM_Master_01a: Platform=PCD3D_SM5, Usage=LightingModel=MSM_DefaultLit|MSM_ClearCoat, BlendMode=BLEND_Opaque, SpecialEngine=0, TwoSided=0, TSNormal=0, Masked=0, Distorted=0, WritesEveryPixel=1, ModifiesMeshPosition=1, Usage={bUsedWithStaticLighting,bUsedWithInstancedStaticMeshes}, StaticSwitch'Add Dust2-1'=False, StaticSwitch'Add Fingerprints2-1'=False, StaticSwitch'Add Stains2-1'=False, StaticSwitch'AnisoAngle Map2-1'=False, StaticSwitch'Is Metallic2-1'=True, StaticSwitch'Use Anisotropy2-1'=False, StaticSwitch'Use Clear Coat2-1'=False, StaticSwitch'Use Object UVs2-1'=False, StaticSwitch'Use Tint2-1'=False"
"/Game/Showcase/EpicContent/Materials/MM_Master_01a.MM_Master_01a","0","0","0","92","92","Compiling MM_Master_01a: Platform=PCD3D_SM5, Usage=LightingModel=MSM_DefaultLit|MSM_ClearCoat, BlendMode=BLEND_Opaque, SpecialEngine=0, TwoSided=0, TSNormal=0, Masked=0, Distorted=0, WritesEveryPixel=1, ModifiesMeshPosition=1, Usage={bUsedWithStaticLighting,bUsedWithInstancedStaticMeshes}, StaticSwitch'Add Dust2-1'=False, StaticSwitch'Add Fingerprints2-1'=True, StaticSwitch'Add Stains2-1'=False, StaticSwitch'AnisoAngle Map2-1'=False, StaticSwitch'Is Metallic2-1'=True, StaticSwitch'Use Anisotropy2-1'=False, StaticSwitch'Use Clear Coat2-1'=True, StaticSwitch'Use Object UVs2-1'=False, StaticSwitch'Use Tint2-1'=True"
"/Game/Showcase/EpicContent/Materials/MM_Master_01a.MM_Master_01a","0","0","0","92","92","Compiling MM_Master_01a: Platform=PCD3D_SM5, Usage=LightingModel=MSM_DefaultLit|MSM_ClearCoat, BlendMode=BLEND_Opaque, SpecialEngine=0, TwoSided=0, TSNormal=0, Masked=0, Distorted=0, WritesEveryPixel=1, ModifiesMeshPosition=1, Usage={bUsedWithStaticLighting,bUsedWithInstancedStaticMeshes}, StaticSwitch'Add Dust2-1'=False, StaticSwitch'Add Fingerprints2-1'=True, StaticSwitch'Add Stains2-1'=False, StaticSwitch'AnisoAngle Map2-1'=False, StaticSwitch'Is Metallic2-1'=True, StaticSwitch'Use Anisotropy2-1'=False, StaticSwitch'Use Clear Coat2-1'=False, StaticSwitch'Use Object UVs2-1'=False, StaticSwitch'Use Tint2-1'=True"
"/Game/Showcase/EpicContent/Materials/MM_Car_Master_01a.MM_Car_Master_01a","0","0","0","35","0","Compiling MM_Car_Master_01a: Platform=PCD3D_SM5, Usage=LightingModel=MSM_ClearCoat, BlendMode=BLEND_Opaque, SpecialEngine=0, TwoSided=0, TSNormal=0, Masked=0, Distorted=0, WritesEveryPixel=1, ModifiesMeshPosition=0, Usage={bUsedWithSkeletalMesh,bUsedWithStaticLighting}, StaticSwitch'Add Dust2-1'=False, StaticSwitch'Add Fingerprints2-1'=False, StaticSwitch'Add Stains2-1'=False, StaticSwitch'InvertGradient2-1'=False, StaticSwitch'Use Object UVs2-1'=False, StaticSwitch'UseChameleon2-1'=False, StaticSwitch'UseFlakes2-1'=False, StaticSwitch'UseOrangePeel2-1'=False, StaticSwitch'UsePearl2-1'=False"
"/Game/Showcase/EpicContent/Materials/MM_Car_Master_01a.MM_Car_Master_01a","0","0","0","35","35","Compiling MM_Car_Master_01a: Platform=PCD3D_SM5, Usage=LightingModel=MSM_ClearCoat, BlendMode=BLEND_Opaque, SpecialEngine=0, TwoSided=0, TSNormal=0, Masked=0, Distorted=0, WritesEveryPixel=1, ModifiesMeshPosition=0, Usage={bUsedWithSkeletalMesh,bUsedWithStaticLighting}, StaticSwitch'Add Dust2-1'=False, StaticSwitch'Add Fingerprints2-1'=False, StaticSwitch'Add Stains2-1'=False, StaticSwitch'InvertGradient2-1'=False, StaticSwitch'Use Object UVs2-1'=False, StaticSwitch'UseChameleon2-1'=True, StaticSwitch'UseFlakes2-1'=True, StaticSwitch'UseOrangePeel2-1'=True, StaticSwitch'UsePearl2-1'=False"
"/Game/Showcase/EpicContent/Materials/MM_Car_Master_01a.MM_Car_Master_01a","0","0","0","35","70","Compiling MM_Car_Master_01a: Platform=PCD3D_SM5, Usage=LightingModel=MSM_ClearCoat, BlendMode=BLEND_Opaque, SpecialEngine=0, TwoSided=0, TSNormal=0, Masked=0, Distorted=0, WritesEveryPixel=1, ModifiesMeshPosition=0, Usage={bUsedWithSkeletalMesh,bUsedWithStaticLighting}, StaticSwitch'Add Dust2-1'=False, StaticSwitch'Add Fingerprints2-1'=False, StaticSwitch'Add Stains2-1'=False, StaticSwitch'InvertGradient2-1'=False, StaticSwitch'Use Object UVs2-1'=False, StaticSwitch'UseChameleon2-1'=False, StaticSwitch'UseFlakes2-1'=True, StaticSwitch'UseOrangePeel2-1'=True, StaticSwitch'UsePearl2-1'=False"
"/SpeedTreeImporter/SpeedTree9/SpeedTreeBillboardMaster.SpeedTreeBillboardMaster","0","0","0","62","0","Compiling SpeedTreeBillboardMaster: Platform=PCD3D_SM5, Usage=LightingModel=MSM_TwoSidedFoliage, BlendMode=BLEND_Masked, SpecialEngine=0, TwoSided=0, TSNormal=1, Masked=1, Distorted=0, WritesEveryPixel=0, ModifiesMeshPosition=1, Usage={bUsedWithInstancedStaticMeshes}, StaticSwitch'SharedEnable2-1'=True"
"/Game/Showcase/Materials/Masters/MM_Paintings_01a.MM_Paintings_01a","0","0","0","23","0","Compiling MM_Paintings_01a: Platform=PCD3D_SM5, Usage=LightingModel=MSM_DefaultLit, BlendMode=BLEND_Opaque, SpecialEngine=0, TwoSided=0, TSNormal=1, Masked=0, Distorted=0, WritesEveryPixel=1, ModifiesMeshPosition=0, Usage={bUsedWithStaticLighting}"
"/Interchange/gltf/M_SpecularGlossiness.M_SpecularGlossiness","0","0","0","26","0","Compiling M_SpecularGlossiness: Platform=PCD3D_SM5, Usage=LightingModel=MSM_DefaultLit, BlendMode=BLEND_Opaque, SpecialEngine=0, TwoSided=0, TSNormal=1, Masked=0, Distorted=0, WritesEveryPixel=1, ModifiesMeshPosition=0, Usage={bUsedWithSkeletalMesh}"
"/Interchange/gltf/M_SpecularGlossiness.M_SpecularGlossiness","0","0","0","58","0","Compiling M_SpecularGlossiness: Platform=PCD3D_SM5, Usage=LightingModel=MSM_DefaultLit, BlendMode=BLEND_Masked, SpecialEngine=0, TwoSided=1, TSNormal=1, Masked=1, Distorted=0, WritesEveryPixel=0, ModifiesMeshPosition=0, Usage={bUsedWithSkeletalMesh}"
"/Interchange/gltf/M_SpecularGlossiness.M_SpecularGlossiness","0","0","0","34","0","Compiling M_SpecularGlossiness: Platform=PCD3D_SM5, Usage=LightingModel=MSM_DefaultLit, BlendMode=BLEND_Opaque, SpecialEngine=0, TwoSided=1, TSNormal=1, Masked=0, Distorted=0, WritesEveryPixel=1, ModifiesMeshPosition=0, Usage={bUsedWithSkeletalMesh}"
"/Interchange/gltf/M_SpecularGlossiness.M_SpecularGlossiness","0","0","0","50","0","Compiling M_SpecularGlossiness: Platform=PCD3D_SM5, Usage=LightingModel=MSM_DefaultLit, BlendMode=BLEND_Translucent, SpecialEngine=0, TwoSided=1, TSNormal=1, Masked=0, Distorted=0, WritesEveryPixel=1, ModifiesMeshPosition=0, Usage={bUsedWithSkeletalMesh}"
"/Interchange/gltf/M_SpecularGlossiness.M_SpecularGlossiness","0","0","0","46","0","Compiling M_SpecularGlossiness: Platform=PCD3D_SM5, Usage=LightingModel=MSM_DefaultLit, BlendMode=BLEND_Translucent, SpecialEngine=0, TwoSided=0, TSNormal=1, Masked=0, Distorted=0, WritesEveryPixel=1, ModifiesMeshPosition=0, Usage={bUsedWithSkeletalMesh}"
"/Interchange/gltf/M_SpecularGlossiness.M_SpecularGlossiness","0","0","0","58","0","Compiling M_SpecularGlossiness: Platform=PCD3D_SM5, Usage=LightingModel=MSM_DefaultLit, BlendMode=BLEND_Masked, SpecialEngine=0, TwoSided=0, TSNormal=1, Masked=1, Distorted=0, WritesEveryPixel=0, ModifiesMeshPosition=0, Usage={bUsedWithSkeletalMesh}"
"/Interchange/gltf/M_Transmission.M_Transmission","0","0","0","46","0","Compiling M_Transmission: Platform=PCD3D_SM5, Usage=LightingModel=MSM_ThinTranslucent, BlendMode=BLEND_Translucent, SpecialEngine=0, TwoSided=0, TSNormal=1, Masked=0, Distorted=0, WritesEveryPixel=1, ModifiesMeshPosition=0, Usage={bUsedWithSkeletalMesh}"
"/Interchange/gltf/M_Transmission.M_Transmission","0","0","0","50","0","Compiling M_Transmission: Platform=PCD3D_SM5, Usage=LightingModel=MSM_ThinTranslucent, BlendMode=BLEND_Translucent, SpecialEngine=0, TwoSided=1, TSNormal=1, Masked=0, Distorted=0, WritesEveryPixel=1, ModifiesMeshPosition=0, Usage={bUsedWithSkeletalMesh}"
"/Interchange/gltf/M_Sheen.M_Sheen","0","0","0","26","0","Compiling M_Sheen: Platform=PCD3D_SM5, Usage=LightingModel=MSM_Cloth, BlendMode=BLEND_Opaque, SpecialEngine=0, TwoSided=0, TSNormal=1, Masked=0, Distorted=0, WritesEveryPixel=1, ModifiesMeshPosition=0, Usage={bUsedWithSkeletalMesh}"
"/Interchange/gltf/M_Sheen.M_Sheen","0","0","0","58","0","Compiling M_Sheen: Platform=PCD3D_SM5, Usage=LightingModel=MSM_Cloth, BlendMode=BLEND_Masked, SpecialEngine=0, TwoSided=0, TSNormal=1, Masked=1, Distorted=0, WritesEveryPixel=0, ModifiesMeshPosition=0, Usage={bUsedWithSkeletalMesh}"
"/Interchange/gltf/M_Sheen.M_Sheen","0","0","0","50","0","Compiling M_Sheen: Platform=PCD3D_SM5, Usage=LightingModel=MSM_Cloth, BlendMode=BLEND_Translucent, SpecialEngine=0, TwoSided=1, TSNormal=1, Masked=0, Distorted=0, WritesEveryPixel=1, ModifiesMeshPosition=0, Usage={bUsedWithSkeletalMesh}"
"/Interchange/gltf/M_Sheen.M_Sheen","0","0","0","58","0","Compiling M_Sheen: Platform=PCD3D_SM5, Usage=LightingModel=MSM_Cloth, BlendMode=BLEND_Masked, SpecialEngine=0, TwoSided=1, TSNormal=1, Masked=1, Distorted=0, WritesEveryPixel=0, ModifiesMeshPosition=0, Usage={bUsedWithSkeletalMesh}"
"/Interchange/gltf/M_Sheen.M_Sheen","0","0","0","34","0","Compiling M_Sheen: Platform=PCD3D_SM5, Usage=LightingModel=MSM_Cloth, BlendMode=BLEND_Opaque, SpecialEngine=0, TwoSided=1, TSNormal=1, Masked=0, Distorted=0, WritesEveryPixel=1, ModifiesMeshPosition=0, Usage={bUsedWithSkeletalMesh}"
"/Interchange/gltf/M_Sheen.M_Sheen","0","0","0","46","0","Compiling M_Sheen: Platform=PCD3D_SM5, Usage=LightingModel=MSM_Cloth, BlendMode=BLEND_Translucent, SpecialEngine=0, TwoSided=0, TSNormal=1, Masked=0, Distorted=0, WritesEveryPixel=1, ModifiesMeshPosition=0, Usage={bUsedWithSkeletalMesh}"
"/Interchange/gltf/M_ClearCoat.M_ClearCoat","0","0","0","26","0","Compiling M_ClearCoat: Platform=PCD3D_SM5, Usage=LightingModel=MSM_ClearCoat, BlendMode=BLEND_Opaque, SpecialEngine=0, TwoSided=0, TSNormal=1, Masked=0, Distorted=0, WritesEveryPixel=1, ModifiesMeshPosition=0, Usage={bUsedWithSkeletalMesh}"
"/Interchange/gltf/M_ClearCoat.M_ClearCoat","0","0","0","46","0","Compiling M_ClearCoat: Platform=PCD3D_SM5, Usage=LightingModel=MSM_ClearCoat, BlendMode=BLEND_Translucent, SpecialEngine=0, TwoSided=0, TSNormal=1, Masked=0, Distorted=0, WritesEveryPixel=1, ModifiesMeshPosition=0, Usage={bUsedWithSkeletalMesh}"
"/Interchange/gltf/M_ClearCoat.M_ClearCoat","0","0","0","58","0","Compiling M_ClearCoat: Platform=PCD3D_SM5, Usage=LightingModel=MSM_ClearCoat, BlendMode=BLEND_Masked, SpecialEngine=0, TwoSided=0, TSNormal=1, Masked=1, Distorted=0, WritesEveryPixel=0, ModifiesMeshPosition=0, Usage={bUsedWithSkeletalMesh}"
"/Interchange/gltf/M_ClearCoat.M_ClearCoat","0","0","0","50","0","Compiling M_ClearCoat: Platform=PCD3D_SM5, Usage=LightingModel=MSM_ClearCoat, BlendMode=BLEND_Translucent, SpecialEngine=0, TwoSided=1, TSNormal=1, Masked=0, Distorted=0, WritesEveryPixel=1, ModifiesMeshPosition=0, Usage={bUsedWithSkeletalMesh}"
"/Interchange/gltf/M_ClearCoat.M_ClearCoat","0","0","0","58","0","Compiling M_ClearCoat: Platform=PCD3D_SM5, Usage=LightingModel=MSM_ClearCoat, BlendMode=BLEND_Masked, SpecialEngine=0, TwoSided=1, TSNormal=1, Masked=1, Distorted=0, WritesEveryPixel=0, ModifiesMeshPosition=0, Usage={bUsedWithSkeletalMesh}"
"/Interchange/gltf/M_ClearCoat.M_ClearCoat","0","0","0","34","0","Compiling M_ClearCoat: Platform=PCD3D_SM5, Usage=LightingModel=MSM_ClearCoat, BlendMode=BLEND_Opaque, SpecialEngine=0, TwoSided=1, TSNormal=1, Masked=0, Distorted=0, WritesEveryPixel=1, ModifiesMeshPosition=0, Usage={bUsedWithSkeletalMesh}"
"/Interchange/gltf/M_Default.M_Default","0","0","0","26","0","Compiling M_Default: Platform=PCD3D_SM5, Usage=LightingModel=MSM_DefaultLit, BlendMode=BLEND_Opaque, SpecialEngine=0, TwoSided=0, TSNormal=1, Masked=0, Distorted=0, WritesEveryPixel=1, ModifiesMeshPosition=0, Usage={bUsedWithSkeletalMesh}"
"/Interchange/gltf/M_Default.M_Default","0","0","0","50","0","Compiling M_Default: Platform=PCD3D_SM5, Usage=LightingModel=MSM_DefaultLit, BlendMode=BLEND_Translucent, SpecialEngine=0, TwoSided=1, TSNormal=1, Masked=0, Distorted=0, WritesEveryPixel=1, ModifiesMeshPosition=0, Usage={bUsedWithSkeletalMesh}"
"/Interchange/gltf/M_Default.M_Default","0","0","0","58","0","Compiling M_Default: Platform=PCD3D_SM5, Usage=LightingModel=MSM_DefaultLit, BlendMode=BLEND_Masked, SpecialEngine=0, TwoSided=1, TSNormal=1, Masked=1, Distorted=0, WritesEveryPixel=0, ModifiesMeshPosition=0, Usage={bUsedWithSkeletalMesh}"
"/Interchange/gltf/M_Default.M_Default","0","0","0","34","0","Compiling M_Default: Platform=PCD3D_SM5, Usage=LightingModel=MSM_DefaultLit, BlendMode=BLEND_Opaque, SpecialEngine=0, TwoSided=1, TSNormal=1, Masked=0, Distorted=0, WritesEveryPixel=1, ModifiesMeshPosition=0, Usage={bUsedWithSkeletalMesh}"
"/Interchange/gltf/M_Default.M_Default","0","0","0","46","0","Compiling M_Default: Platform=PCD3D_SM5, Usage=LightingModel=MSM_DefaultLit, BlendMode=BLEND_Translucent, SpecialEngine=0, TwoSided=0, TSNormal=1, Masked=0, Distorted=0, WritesEveryPixel=1, ModifiesMeshPosition=0, Usage={bUsedWithSkeletalMesh}"
"/Interchange/gltf/M_Default.M_Default","0","0","0","58","0","Compiling M_Default: Platform=PCD3D_SM5, Usage=LightingModel=MSM_DefaultLit, BlendMode=BLEND_Masked, SpecialEngine=0, TwoSided=0, TSNormal=1, Masked=1, Distorted=0, WritesEveryPixel=0, ModifiesMeshPosition=0, Usage={bUsedWithSkeletalMesh}"
